Segment,AverageAmount,AccountIDsInSegment
1,1270.864369,"1086, 2523, 609, 3087, 3252, 358, 1316, 333, 2011, 2590, 2201, 729, 2709, 3318, 1909, 3222, 2842, 443, 3119, 632, 3882, 3474, 2234, 2075, 1437, 370, 3765, 3033, 1145, 3312, 1258, 793, 1691, 1020, 3268, 385, 148, 3212, 2666, 3777, 279, 1973, 3889, 3172, 2019, 682, 3213, 2437, 2473, 3178, 3981, 2715, 2414, 2421, 237, 615, 2691, 1879, 2341, 3030, 357, 1217, 104, 895, 623, 3302, 379, 1100, 1006, 406, 3434, 3878, 3218, 1440, 178, 3244, 3108, 1373, 1697, 382, 1468, 843, 2292, 823, 644, 3748, 1658, 81, 1038, 86, 1747, 3015, 2896, 2016, 3011, 2658, 1359, 3358, 2617, 3941, 3703, 275, 1325, 1981, 972, 1974, 235, 2252, 1189, 1589, 1059, 3551, 2893, 3721, 740, 1141, 543, 2733, 2331, 669, 794, 953, 1856, 505, 204, 995, 997, 1609, 423, 815, 1979, 2330, 909, 3582, 3731, 3211, 2442, 2372, 1960, 231, 3587, 2448, 1382, 3943, 3101, 1812, 1459, 301, 1955, 2068, 451, 1874, 684, 2271, 2155, 594, 2805, 3936, 168, 1562, 3320, 4001, 3285, 3982, 612, 1024, 3698, 2570, 209, 3904, 3854, 1481, 1473, 1891, 2101, 781, 1249, 3251, 2042, 3797, 3259, 1173, 1696, 531, 852, 2770, 2115, 1990, 2558, 2316, 1487, 3061, 1738, 244, 939, 1577, 1954, 3079, 2935, 430, 1477, 1711, 3648, 199, 121, 1013, 1936, 1774, 943, 2474, 2221, 490, 2757, 124, 2583, 2342, 4059, 865, 557, 3535, 1429, 1341, 1137, 2874, 832, 3686, 1593, 1439, 2255, 3565, 3203, 2672, 1055, 1346, 3197, 2154, 924, 2208, 601, 3483, 313, 3319, 2148, 7133, 1584, 2488, 479, 483, 3641, 607, 88, 3317, 1152, 829, 2005, 1529, 2730, 1465, 721, 659, 2110, 3158, 2631, 238, 3477, 214, 1860, 1144, 20, 3576, 1846, 2046, 3063, 2667, 3514, 2823, 1657, 3078, 792, 3543, 241, 3442, 879, 3828, 3975, 3542, 54, 4519, 3911, 821, 2562, 884, 4538, 2199, 935, 2850, 3844, 2468, 2717, 2584, 3557, 734, 383, 1852, 2556, 1927, 1115, 3892, 1548, 1091, 2469, 3871, 269, 3187, 2150, 2614, 1844, 985, 2596, 3047, 2257, 719, 827, 1347, 1803, 3049, 3673, 3677, 80, 1233, 11, 504, 2362, 1903, 1921, 474, 2671, 3846, 914, 61, 2094, 2123, 1592, 1706, 2453, 3335, 1299, 127, 1479, 364, 759, 2793, 1377, 1018, 637, 2981, 1351, 1448, 1957, 3945, 2058, 1444, 912, 2127, 174, 1142, 547, 3458, 2374, 2703, 3040, 1268, 1387, 1463, 907, 3857, 3644, 3718, 342, 1516, 1021, 3436, 761, 3493, 806, 2388, 966, 1670, 630, 520, 1405, 2377, 957, 2140, 3105, 2832, 1049, 2888, 261, 3961, 2505, 1406, 3266, 3964, 3533, 2997, 3041, 831, 982, 114, 798, 1340, 3887, 1244, 3512, 2487, 1235, 1322, 3173, 906, 611, 2606, 215, 3623, 688, 1357, 6453, 2913, 1398, 1291, 1197, 338, 9635, 161, 1760, 7454, 449, 2420, 343, 3841, 3146, 584, 287, 1, 936, 2802, 903, 931, 629, 2297"
2,1881.358895,"2081, 1365, 2520, 1578, 198, 1326, 3255, 1002, 3635, 2792, 1185, 4208, 3359, 1108, 3056, 3195, 3104, 3202, 725, 2400, 98, 332, 631, 3811, 3610, 3046, 3425, 2513, 2627, 1561, 2961, 1216, 3221, 2644, 3486, 1802, 2061, 3236, 416, 3148, 5092, 3345, 569, 2344, 3966, 1133, 2567, 959, 352, 3433, 508, 3574, 742, 3028, 3248, 2656, 1027, 3547, 207, 937, 459, 2853, 324, 1743, 3138, 1588, 756, 2855, 538, 2946, 1601, 2315, 2768, 2379, 1381, 156, 1989, 751, 3004, 901, 3908, 3764, 2613, 2305, 3226, 731, 44, 1493, 3519, 3031, 63, 2066, 700, 2985, 1426, 1675, 989, 2508, 536, 187, 2657, 1574, 2952, 3214, 1618, 3076, 340, 194, 1816, 3205, 1474, 3540, 2528, 3097, 2225, 296, 1525, 515, 3271, 3457, 2022, 3984, 2433, 2923, 1179, 3985, 2276, 2485, 1524, 542, 582, 2931, 3282, 1929, 2566, 736, 2017, 1699, 1673, 1721, 1596, 109, 834, 3352, 142, 639, 3732, 3658, 3012, 2259, 2133, 2542, 1570, 1376, 3027, 1135, 743, 2396, 1120, 1926, 838, 3989, 3044, 53, 288, 1628, 1913, 674, 151, 1740, 1789, 2307, 799, 1631, 922, 3430, 1616, 640, 810, 35, 702, 118, 79, 1687, 1719, 2688, 3363, 1773, 2105, 3443, 951, 3643, 3009, 2814, 3121, 3561, 2423, 450, 2417, 1892, 2578, 3759, 1785, 3043, 1081, 658, 553, 2264, 2223, 1686, 3729, 1827, 3264, 3234, 926, 1637, 3435, 4, 703, 117, 1183, 3157, 1917, 8919, 745, 2964, 1117, 2461, 2476, 1602, 2366, 3670, 3176, 3383, 1098, 947, 1565, 502, 3075, 2180, 1228, 1069, 1420, 3812, 2029, 1937, 1731, 1877, 608, 1521, 932, 9, 2820, 1517, 1057, 3369, 954, 45, 2006, 2947, 591, 2047, 737, 3142, 305, 552, 3263, 2317, 1741, 657, 283, 1875, 2755, 1371, 2969, 3013, 892, 3730, 123, 1882, 3893, 62, 3912, 2990, 1663, 1280, 1492, 425, 3960, 1030, 2398, 889, 3680, 2256, 49, 1822, 3232, 2459, 1899, 2833, 800, 1213, 592, 3482, 710, 267, 475, 3452, 1296, 4119, 1714, 857, 581, 2479, 149, 326, 3429, 747, 561, 5, 1434, 1689, 2829, 55, 548, 1624, 143, 2589, 942, 1205, 3171, 3988, 887, 910, 1241, 3852, 481, 2097, 518, 3412, 2949, 8475, 1094, 2397, 3888, 1150, 3856, 1445, 3449, 3515, 2980, 3742, 1647, 2519, 3651, 2185, 321, 802, 166, 246, 965, 1988, 2534, 3977, 789, 413, 2835, 3620, 3292, 2274, 2131, 1806, 3924, 2365, 1788, 1940, 2465, 39, 1972, 292, 528, 2696, 3842, 1503, 128, 791, 3802, 12, 633, 4309, 3780, 3164, 216, 152, 1847, 1633, 1199, 1924, 3926, 920, 5033, 3566, 2569, 2685, 3671, 2868, 1176, 2177, 923, 1354, 1394, 3927, 614, 696, 1215, 435, 9227, 1799, 1765, 754, 546, 571, 469, 3196, 2776, 2621, 3753, 3524, 841, 2406, 3910, 2186, 636, 1720, 3549, 1688, 3394, 2077, 3145, 220, 2230, 3692, 3792, 3568, 3541, 3250, 1028, 2557, 2883, 2869"
3,2300.517010,"2373, 3184, 842, 320, 2173, 3470, 2539, 3355, 1449, 2076, 3976, 1422, 1880, 3130, 1575, 1423, 3288, 1514, 3055, 1735, 3708, 3511, 259, 2591, 229, 398, 3639, 335, 403, 2063, 1629, 921, 3351, 554, 744, 3601, 2989, 1671, 746, 391, 461, 1195, 3676, 3022, 3661, 3328, 3310, 163, 628, 4803, 3571, 3583, 2431, 2172, 1275, 2974, 3720, 550, 2575, 559, 1823, 537, 2543, 1648, 3132, 1220, 1520, 3092, 2364, 1582, 2147, 788, 252, 1855, 2603, 3667, 2027, 1321, 206, 2636, 2212, 1312, 2958, 1276, 3469, 1959, 2432, 1841, 3432, 1088, 3409, 2481, 3883, 1961, 2579, 3305, 353, 2103, 3660, 3937, 765, 2020, 3062, 3599, 2955, 3868, 3175, 7819, 2038, 2210, 10904, 1436, 3224, 565, 1126, 1668, 3737, 4105, 2434, 1349, 1617, 1865, 1853, 2387, 1608, 2363, 2697, 2861, 107, 2128, 3631, 2403, 1751, 3117, 3045, 150, 2477, 3775, 3291, 908, 317, 6688, 1211, 1556, 1551, 1441, 3020, 2549, 3107, 3231, 3952, 1771, 1082, 10799, 1620, 2253, 464, 2499, 1158, 2937, 5472, 1370, 138, 3656, 1484, 2088, 3569, 938, 3894, 975, 1308, 3525, 3417, 1889, 1107, 3840, 814, 1997, 155, 2531, 3537, 3954, 891, 2544, 1958, 4069, 3560, 735, 4439, 1666, 3657, 371, 1460, 297, 2719, 135, 2489, 986, 2196, 2662, 368, 308, 3080, 3625, 602, 3099, 1995, 1140, 1288, 1209, 1622, 1128, 1557, 768, 1419, 162, 1744, 3120, 2336, 877, 419, 2328, 3438, 1630, 3024, 2359, 3870, 2978, 2999, 4437, 2953, 2500, 1358, 3384, 58, 1206, 1045, 2233, 300, 2149, 1501, 783, 1792, 389, 1535, 2018, 3554, 3704, 7033, 3585, 3398, 2945, 3509, 2152, 1558, 1703, 1008, 1238, 3241, 3773, 2692, 2965, 192, 3067, 234, 3536, 3347, 375, 318, 3996, 3029, 1930, 3600, 2942, 3814, 224, 1831, 2750, 2928, 1712, 4173, 225, 3572, 1048, 3652, 1181, 588, 1848, 708, 3168, 165, 676, 2979, 1187, 2422, 1597, 1933, 973, 1164, 1236, 171, 265, 359, 873, 833, 2090, 2751, 662, 678, 1155, 888, 753, 2220, 1366, 620, 1402, 2654, 2526, 1814, 1682, 694, 325, 2382, 2010, 1277, 774, 2686, 1724, 1431, 3001, 3365, 1782, 1667, 1794, 3008, 4109, 2041, 2270, 2399, 1564, 3530, 2492, 2623, 2203, 654, 4416, 3174, 2577, 1421, 2604, 1065, 2536, 2801, 3129, 1130, 3701, 1295, 1450, 2746, 1912, 1560, 3898, 1161, 3548, 1401, 1530, 302, 1064, 3336, 3275, 902, 2722, 933, 1096, 1659, 1327, 3181, 4550, 996, 3032, 1914, 978, 714, 2002, 1730, 1451, 2491, 2439, 964, 2687, 1222, 2205, 691, 3592, 3276, 470, 2339, 2663, 1383, 762, 4543, 576, 2849, 650, 2540, 3880, 460, 764, 1710, 2524, 795, 1014, 1234, 1908, 2939, 1246, 3668, 3810, 872, 1248, 1925, 3183, 726, 136, 801, 1302, 2713, 4589, 2091, 1469, 2231, 1652, 3712, 3531, 410, 1307, 40, 7449, 2538, 2244, 3682, 3144, 488, 271, 484, 1337, 306, 112, 2886, 1476"
4,2839.940165,"1279, 1356, 664, 3385, 3456, 1619, 3504, 2601, 2452, 616, 1985, 1784, 3734, 2045, 2665, 2455, 701, 4355, 787, 2410, 3640, 7559, 351, 3406, 2258, 2300, 2783, 496, 328, 428, 3, 2565, 3769, 988, 587, 1555, 713, 3068, 2618, 1642, 250, 2712, 2791, 3006, 2690, 3023, 2357, 1690, 3247, 2032, 3494, 3357, 258, 1964, 1573, 2457, 1395, 3715, 749, 3669, 1399, 4090, 1858, 236, 1775, 4347, 3523, 3684, 69, 3932, 146, 958, 331, 1606, 3928, 1859, 3991, 4093, 2944, 2563, 2781, 5541, 316, 1078, 1075, 2610, 2401, 2718, 1168, 869, 113, 1947, 4000, 3691, 2293, 350, 3307, 2067, 4588, 969, 3881, 2774, 519, 2871, 476, 5118, 2846, 2739, 1317, 551, 2312, 10440, 516, 89, 2347, 529, 3490, 2620, 4159, 875, 1262, 1334, 3281, 264, 3604, 579, 757, 6, 2290, 1781, 1736, 2533, 3858, 471, 492, 1522, 567, 3522, 1454, 2217, 436, 3788, 1863, 1665, 864, 439, 3885, 941, 3413, 3454, 11265, 2497, 1704, 836, 1157, 3539, 720, 3616, 2349, 2766, 130, 1265, 1613, 1303, 2777, 1769, 2215, 3588, 2012, 2907, 1360, 1090, 3464, 2193, 2747, 9153, 2402, 3025, 956, 10351, 1226, 4008, 2036, 5369, 1833, 1239, 3955, 3126, 3354, 2734, 3245, 3140, 323, 1077, 2926, 1118, 3243, 3736, 894, 3321, 2679, 466, 2291, 1851, 3741, 1543, 854, 2925, 9242, 1857, 5164, 705, 934, 3423, 13, 2605, 822, 3784, 1563, 3570, 4511, 2674, 3922, 1542, 585, 1047, 10436, 2884, 1918, 2329, 157, 2595, 1499, 2983, 2714, 4034, 262, 826, 3800, 2784, 3498, 1885, 4458, 2684, 626, 3832, 2043, 1713, 2502, 1483, 848, 3995, 1212, 85, 778, 2649, 4438, 804, 1717, 1600, 2548, 2706, 129, 1825, 2852, 1219, 1904, 4385, 562, 1271, 2285, 486, 2052, 1015, 847, 1186, 1315, 3816, 533, 1931, 1916, 1541, 586, 5126, 4328, 1138, 3064, 1615, 2454, 2021, 728, 2878, 876, 2914, 870, 1034, 3716, 3380, 10905, 1102, 890, 3461, 4287, 3010, 2204, 3324, 3706, 1425, 7890, 3758, 7828, 3114, 4379, 1372, 671, 507, 3934, 1526, 2851, 362, 4121, 42, 6064, 1674, 3980, 3246, 2495, 2333, 992, 3951, 3709, 1061, 994, 3573, 3747, 3962, 444, 2395, 1430, 3939, 2525, 2507, 3128, 2804, 558, 1073, 1188, 2206, 4650, 3575, 3261, 1992, 2810, 4329, 3826, 7190, 2272, 6097, 1920, 1949, 2645, 205, 2482, 2892, 3478, 2151, 580, 1590, 540, 3613, 2335, 859, 866, 5767, 1105, 928, 2085, 10049, 1829, 2752, 1934, 2380, 3125, 2496, 686, 3170, 3809, 2053, 6075, 3462, 473, 905, 4254, 349, 2460, 3284, 10343, 741, 3333, 2015, 1466, 3339, 3606, 1348, 727, 3298, 2865, 3147, 2821, 672, 1497, 2310, 2758, 145, 6792, 7082, 1550, 1625, 1472, 9188, 1367, 1310, 2361, 1881, 3564, 1603, 1052, 182, 3254, 3779, 2607, 432, 1053, 3201, 115, 9484, 83, 2659, 575, 917, 2847, 3000, 1455, 3039, 2881, 8492, 1553, 4356, 1683, 433"
5,4046.076471,"1956, 1292, 1702, 3834, 1232, 1063, 1007, 2701, 3636, 3843, 2951, 1113, 2241, 9730, 8321, 2858, 5445, 2608, 6902, 315, 3415, 760, 2648, 2560, 8159, 3191, 93, 27, 3242, 824, 1627, 3192, 3803, 3332, 11271, 1887, 2916, 1759, 2158, 3902, 8169, 3723, 2049, 2996, 2901, 5215, 196, 3821, 2911, 665, 1083, 3825, 2863, 4190, 3419, 3763, 4480, 3468, 2841, 5263, 293, 929, 9159, 2425, 76, 381, 758, 1546, 856, 3621, 1301, 2723, 1761, 643, 1506, 8092, 454, 3143, 467, 3098, 3823, 2870, 6051, 3552, 3659, 3986, 1149, 3350, 9140, 2232, 1728, 2661, 2545, 1033, 1975, 3813, 4852, 2383, 2789, 9236, 1393, 2475, 3003, 4418, 3122, 1726, 3151, 2391, 3997, 2493, 2040, 251, 3890, 1054, 2119, 3327, 1585, 70, 2134, 900, 2332, 6706, 3874, 1669, 4414, 10451, 260, 3948, 3136, 675, 1677, 8268, 522, 1513, 1915, 3110, 3956, 3884, 4463, 3783, 2484, 4476, 604, 2299, 560, 563, 2813, 2182, 2269, 9017, 3149, 3581, 2498, 2642, 2260, 5927, 3465, 1566, 8742, 2114, 1488, 2340, 3647, 971, 2436, 4204, 2160, 11362, 3678, 2213, 1227, 3918, 2286, 1320, 4033, 666, 2107, 2409, 2632, 4424, 2550, 10345, 646, 8772, 980, 1611, 1568, 1977, 3361, 1076, 2541, 1790, 1390, 2806, 2808, 3817, 280, 311, 1333, 3256, 4488, 2602, 1971, 208, 1581, 2039, 3767, 2736, 2112, 4102, 868, 3727, 2008, 2135, 2503, 1269, 896, 3392, 2673, 5387, 1153, 3612, 3094, 9031, 1783, 1223, 2102, 1331, 4127, 3190, 1412, 1329, 409, 1134, 10215, 3506, 3289, 10774, 1259, 2393, 5700, 711, 3633, 10148, 3615, 2109, 820, 9928, 2306, 3053, 2580, 2050, 773, 8776, 421, 434, 9037, 748, 3895, 2235, 273, 2343, 3306, 7861, 5024, 100, 7418, 913, 3949, 3124, 3872, 2166, 1369, 3410, 181, 506, 2358, 4907, 570, 4729, 1649, 1644, 2587, 2302, 3824, 294, 3827, 1980, 354, 160, 3476, 2313, 3963, 1840, 3848, 2033, 8926, 2676, 3979, 1159, 200, 599, 3550, 3362, 2407, 388, 577, 2936, 2765, 4132, 1305, 8680, 2872, 919, 1737, 534, 373, 3793, 3629, 4427, 2864, 3463, 1579, 1413, 2873, 1418, 9024, 1969, 2909, 3697, 3999, 10915, 1046, 38, 1764, 11065, 3309, 3534, 2773, 3694, 3626, 2430, 3368, 1729, 2992, 7437, 3799, 6425, 420, 770, 984, 1089, 3628, 1496, 4268, 2438, 882, 401, 968, 687, 190, 2967, 97, 4825, 4585, 3973, 4794, 3304, 2024, 3185, 545, 4534, 281, 131, 173, 3710, 2446, 193, 2830, 605, 1270, 2675, 5357, 2592, 3987, 1766, 3294, 3267, 1256, 952, 2490, 2026, 763, 2511, 1905, 2535, 1793, 3805, 4454, 1943, 3617, 3440, 3774, 987, 1379, 1122, 3637, 3650, 3819, 2779, 217, 2559, 344, 477, 3479, 9030, 927, 3366, 392, 1414, 312, 2055, 752, 6363, 3177, 1986, 9199, 9093, 1092, 3399, 3085, 3595, 3580, 2738, 1776, 1872, 4099, 59, 2778, 715, 2243, 1298, 767, 2117, 3655, 2664, 2278, 11027, 4263, 1245"
6,5462.592322,"2447, 5991, 3103, 2924, 3378, 10954, 355, 2048, 3687, 2772, 2070, 603, 2429, 2239, 1201, 2104, 1447, 2069, 679, 1037, 8261, 1306, 10364, 408, 3390, 21, 2622, 1427, 2647, 1411, 3485, 2136, 9677, 1243, 7607, 808, 3835, 1031, 549, 2619, 1509, 598, 2394, 9235, 813, 3577, 1294, 1534, 134, 1505, 24, 3818, 883, 5878, 3808, 2113, 327, 1097, 3578, 1116, 1830, 2096, 4161, 2824, 64, 3820, 1240, 2970, 1470, 7542, 3719, 3017, 3066, 1976, 2615, 4091, 223, 183, 2879, 2729, 3331, 365, 1884, 8405, 2106, 4081, 1950, 860, 169, 2809, 1044, 8225, 2742, 2427, 154, 3593, 140, 11135, 75, 3152, 2834, 523, 3091, 3375, 1203, 50, 1791, 1861, 2352, 5429, 1768, 2906, 1708, 8645, 11295, 6281, 514, 2191, 4013, 3863, 1898, 2000, 1762, 1267, 3695, 1679, 29, 4753, 2059, 4010, 2839, 513, 230, 1866, 415, 455, 3445, 5591, 3280, 3645, 19, 8505, 2353, 2325, 1335, 9897, 4442, 3042, 2197, 656, 3728, 2764, 660, 3096, 3428, 5628, 1085, 1839, 1042, 578, 3532, 1190, 3487, 4150, 647, 930, 8489, 3052, 1797, 10630, 3179, 9494, 3722, 2721, 1835, 2760, 638, 855, 2405, 2470, 10711, 776, 2404, 1868, 1902, 2161, 9673, 3497, 2247, 9034, 977, 3866, 7262, 1260, 1123, 3559, 7052, 2441, 828, 400, 1537, 2348, 6512, 71, 568, 3315, 2334, 1512, 2237, 2078, 2546, 3917, 1716, 2200, 3391, 955, 3411, 2973, 10018, 962, 1019, 3204, 2501, 1549, 2064, 786, 4092, 1110, 3972, 9424, 1068, 2281, 2408, 5385, 853, 2960, 2725, 1072, 3491, 1832, 3752, 3860, 572, 7546, 3998, 164, 3393, 825, 2346, 4445, 102, 7184, 3077, 1655, 652, 3798, 303, 2819, 3679, 1192, 3489, 440, 4415, 1532, 2921, 8934, 3472, 3867, 3180, 1491, 2037, 503, 2677, 2510, 704, 3556, 9263, 2919, 1645, 153, 289, 5317, 3935, 3082, 2856, 3618, 1707, 1353, 6040, 2369, 3847, 2638, 2905, 3796, 3586, 1982, 1095, 9051, 1836, 3517, 2157, 3272, 2108, 3944, 9631, 2071, 6856, 1471, 5072, 3916, 1815, 465, 2574, 2826, 2655, 2788, 3007, 4467, 1778, 8688, 2817, 1594, 7240, 2314, 366, 3016, 8972, 8114, 334, 1984, 1767, 8713, 2318, 2795, 2275, 1311, 2794, 2694, 3891, 655, 367, 541, 396, 898, 5063, 1193, 2745, 4368, 2294, 2386, 219, 4301, 3913, 195, 2023, 1932, 1165, 3194, 6602, 3649, 10001, 3316, 2816, 9731, 2956, 874, 2767, 590, 2472, 2229, 3724, 2514, 784, 2324, 1621, 2449, 3480, 201, 1544, 535, 1051, 10404, 1571, 5774, 1281, 8330, 1843, 3141, 4526, 2214, 949, 10788, 56, 3360, 3838, 3314, 10233, 8411, 9510, 3974, 8558, 345, 9337, 1104, 593, 2057, 2054, 680, 916, 7523, 2668, 9208, 861, 2289, 1907, 3334, 5269, 613, 3338, 1951, 1378, 1174, 2413, 1458, 2555, 7565, 189, 2640, 4681, 1253, 2163, 9548, 2991, 101, 1166, 1391, 1287, 3946, 1928, 2724, 7465, 249, 698, 8639, 489, 526, 2025, 2790, 3693, 9403"
7,6937.313986,"2189, 2705, 90, 750, 3672, 1528, 1634, 2463, 944, 3849, 2963, 2976, 1809, 3725, 458, 2880, 2994, 3837, 3746, 5343, 3206, 3118, 4245, 1352, 2060, 10884, 3855, 10762, 945, 3133, 1403, 4389, 3743, 970, 1035, 322, 14, 2451, 1070, 6699, 1567, 3850, 1297, 108, 1272, 1698, 78, 11054, 3513, 15, 1208, 1796, 3702, 2568, 3978, 2727, 3467, 775, 1705, 2650, 1876, 3237, 3830, 6715, 210, 2226, 2995, 1991, 431, 2552, 2876, 3965, 1397, 2415, 10728, 2902, 1572, 738, 1604, 3795, 961, 1446, 2516, 1777, 2743, 9640, 2588, 1336, 1800, 1554, 2192, 3188, 298, 3751, 9869, 1834, 1910, 2780, 3329, 2908, 772, 1324, 796, 11325, 732, 1779, 3903, 555, 1404, 106, 3717, 10694, 8039, 3466, 445, 1026, 2, 2280, 2309, 1180, 692, 1200, 2263, 3199, 7401, 509, 1944, 8377, 1016, 3609, 2866, 429, 4576, 1318, 5181, 4343, 7636, 5724, 3379, 7181, 2898, 771, 885, 2689, 10, 2367, 6495, 3688, 1952, 1368, 979, 1363, 2381, 2146, 1264, 1231, 2986, 3301, 2345, 2698, 3909, 2895, 1385, 1482, 1011, 6397, 1888, 407, 1586, 693, 3598, 1709, 8, 2082, 2124, 1017, 1810, 2693, 1635, 1786, 1314, 1650, 22, 8566, 2891, 3421, 1375, 91, 1172, 1723, 2585, 2322, 653, 886, 1681, 7520, 1638, 411, 1214, 386, 110, 600, 3754, 2652, 3348, 673, 336, 622, 1442, 651, 1820, 414, 2428, 2553, 51, 1854, 2597, 3059, 2573, 2917, 5912, 4266, 3947, 3070, 2582, 11320, 1342, 6353, 3342, 10710, 2073, 2035, 1672, 9433, 1229, 3227, 3501, 3439, 9179, 2327, 3653, 918, 3971, 1257, 188, 2466, 426, 805, 3806, 3983, 73, 3492, 2392, 1285, 4473, 1756, 5984, 2716, 6148, 880, 8129, 2593, 1901, 1207, 3373, 3235, 2581, 1895, 3308, 7101, 2831, 1486, 2737, 1060, 1970, 3249, 3182, 1146, 9513, 2142, 10220, 2637, 3770, 1911, 2326, 1424, 3277, 3933, 2885, 3471, 6138, 3969, 2337, 3169, 10911, 11123, 356, 6400, 402, 5066, 2416, 1811, 2183, 228, 3111, 36, 2771, 5692, 1355, 510, 185, 226, 6306, 990, 3109, 1680, 3238, 10131, 1678, 3048, 817, 1518, 282, 1345, 2904, 2711, 3899, 648, 37, 779, 3209, 1003, 2044, 2360, 346, 3193, 10656, 1968, 1515, 981, 1587, 3297, 3155, 3102, 2530, 2116, 437, 1171, 5290, 3822, 2195, 2370, 1177, 3901, 3700, 3134, 3349, 3807, 3750, 2798, 3608, 2093, 2836, 1250, 3189, 5483, 1966, 3654, 3794, 3553, 6118, 491, 395, 3225, 10411, 3681, 10202, 3699, 3605, 597, 524, 2165, 9138, 1540, 11327, 4052, 493, 6738, 438, 1410, 3968, 2800, 3993, 2159, 6061, 925, 65, 3116, 1763, 1012, 2143, 1801, 170, 3546, 9859, 3919, 1121, 1999, 2616, 3397, 9493, 2761, 899, 468, 10297, 1204, 2179, 766, 3930, 812, 7203, 1798, 3405, 3791, 2680, 963, 7594, 911, 2843, 2753, 5944, 1817, 7815, 9167, 8327, 3787, 274, 1519, 4774, 3711, 3139, 3283, 1273, 372, 2079, 3186, 3396, 2371, 3714, 1242"
8,8373.896857,"1266, 2065, 1795, 1824, 1545, 1058, 2236, 564, 17, 2695, 9307, 2611, 2121, 1380, 10445, 2875, 32, 10940, 57, 8038, 361, 2653, 5423, 2375, 849, 3520, 3057, 1770, 1640, 2862, 3851, 3940, 309, 3100, 2301, 3381, 6505, 3021, 717, 1087, 278, 2009, 2354, 2169, 462, 1826, 2194, 946, 3270, 1485, 242, 3776, 690, 2854, 1392, 1752, 3603, 780, 5952, 2641, 1129, 3367, 2957, 11359, 6924, 809, 2174, 4981, 2890, 41, 3154, 1323, 2351, 3865, 2998, 137, 1507, 10152, 341, 7485, 119, 830, 1722, 1467, 6030, 1758, 991, 1182, 1753, 7632, 3864, 2303, 2139, 3323, 7944, 48, 1178, 3444, 3563, 3836, 1945, 418, 1946, 627, 3346, 837, 3451, 1750, 3287, 1922, 1919, 1194, 4186, 2450, 3376, 2807, 556, 2483, 1654, 4071, 6609, 2700, 2950, 1225, 2288, 497, 5650, 7099, 3343, 3914, 2074, 1837, 3545, 976, 1109, 9377, 1539, 3696, 348, 3738, 2084, 4088, 2268, 2389, 1495, 1438, 1338, 3544, 4423, 7618, 2564, 3778, 4296, 3131, 3135, 1332, 2561, 3026, 2167, 2266, 3160, 2629, 11096, 3086, 172, 284, 5362, 1906, 2250, 1599, 3596, 3528, 1818, 1000, 5442, 950, 2323, 1112, 1656, 589, 329, 3084, 3240, 2887, 3959, 2467, 1994, 3219, 1111, 5313, 9156, 4475, 7136, 2900, 3036, 1198, 7965, 2744, 2440, 447, 697, 904, 9241, 1963, 2940, 272, 596, 3897, 807, 1261, 3069, 4631, 8628, 1821, 3239, 2726, 2178, 3431, 619, 463, 427, 635, 7966, 7176, 2164, 511, 1987, 3424, 3426, 2137, 105, 2356, 3060, 5358, 512, 2630, 10022, 3555, 1361, 5794, 1475, 689, 3915, 1504, 2867, 3518, 3923, 819, 1151, 4079, 221, 3459, 1692, 6950, 2034, 3019, 7637, 2298, 290, 2681, 10320, 2118, 393, 1500, 3877, 1664, 7156, 9104, 1056, 10857, 1443, 621, 716, 3377, 7180, 2932, 3529, 1662, 2153, 1819, 3353, 4660, 3931, 2882, 68, 878, 1559, 3505, 3088, 1510, 2311, 3503, 4999, 1978, 184, 544, 2797, 6927, 23, 3037, 3662, 3322, 3614, 7774, 2176, 3683, 2670, 256, 1289, 3404, 120, 3757, 1127, 1739, 9265, 3072, 1251, 3782, 606, 7713, 446, 3804, 2456, 1160, 6636, 2702, 47, 1435, 8132, 785, 858, 3632, 1452, 159, 1941, 3058, 2376, 1614, 8957, 197, 3579, 2639, 52, 1080, 2731, 3772, 9528, 3220, 2385, 3071, 1417, 8998, 7721, 1636, 1938, 239, 1727, 2903, 1293, 2987, 1685, 43, 3622, 2095, 4948, 2787, 1700, 2521, 1319, 7445, 1746, 3229, 3502, 1742, 2004, 2845, 3745, 213, 10365, 1036, 3407, 77, 1734, 5256, 2030, 11069, 1993, 4055, 319, 11333, 4260, 3453, 1362, 3591, 1576, 4026, 9814, 3303, 285, 1807, 1252, 3093, 867, 618, 4596, 453, 1023, 3739, 3113, 1350, 517, 3448, 2504, 6273, 2228, 6872, 116, 1050, 3665, 1869, 7274, 1732, 10652, 376, 3162, 1062, 5395, 1780, 3663, 3938, 2899, 3460, 11328, 141, 295, 6158, 3508, 8085, 10812, 3567, 424, 2554, 3992, 5758, 706, 755, 1210, 494, 3258, 3590"
9,10389.735578,"2141, 485, 7, 270, 683, 9883, 3167, 2954, 2927, 1900, 7765, 8982, 2844, 10558, 2707, 1170, 498, 7857, 1623, 3785, 4350, 4937, 2547, 158, 2515, 2634, 2287, 10738, 1626, 695, 103, 3408, 3484, 2522, 5622, 790, 1878, 3845, 2837, 6930, 8149, 739, 10493, 330, 3861, 8320, 782, 1106, 1552, 3372, 4618, 2756, 3427, 33, 5572, 722, 1114, 1886, 851, 478, 2443, 967, 2132, 126, 240, 1527, 840, 3262, 9192, 10063, 10036, 4286, 4283, 4264, 3950, 1610, 1591, 232, 3422, 3781, 3749, 641, 1805, 1498, 8051, 1074, 2156, 573, 6866, 2708, 4386, 286, 2411, 1071, 9591, 1653, 2825, 1607, 2072, 893, 1612, 3801, 4493, 4082, 2599, 2056, 3401, 2138, 525, 8026, 1169, 374, 9633, 3395, 5133, 6806, 9790, 8564, 2267, 3495, 6555, 180, 9225, 2184, 839, 3090, 2827, 10266, 253, 3166, 8073, 897, 3527, 4352, 998, 3274, 4462, 257, 5422, 1101, 245, 1147, 1871, 2296, 1136, 3299, 2728, 5120, 3374, 500, 9455, 9472, 4225, 2464, 26, 3210, 8899, 718, 1828, 6440, 480, 1838, 404, 2612, 6461, 1079, 617, 3953, 2812, 177, 3050, 1998, 10093, 2920, 8759, 452, 1103, 2624, 7824, 10227, 1043, 4995, 8547, 307, 442, 5546, 7894, 11021, 1536, 5742, 6034, 1156, 99, 2840, 3538, 2092, 2740, 3137, 5428, 7606, 1787, 4994, 2207, 7907, 709, 96, 5735, 4727, 1996, 9041, 405, 2190, 1304, 3370, 3726, 8381, 4478, 3278, 4140, 2083, 2261, 4894, 2224, 845, 4405, 5194, 9750, 4130, 5726, 11382, 263, 487, 4066, 412, 4863, 3859, 2087, 9353, 347, 1547, 9006, 5837, 4342, 2799, 10019, 9052, 4156, 179, 268, 4447, 871, 1870, 1388, 3990, 7011, 4009, 3594, 5740, 95, 176, 2576, 4143, 1894, 7957, 5125, 530, 5065, 8533, 8519, 1389, 4527, 2933, 34, 8856, 1684, 8931, 1983, 9707, 3293, 3790, 7487, 8316, 9826, 1965, 6434, 4128, 3083, 4580, 1896, 8784, 1502, 3624, 3907, 10906, 4330, 4332, 6649, 25, 2741, 7424, 6510, 6321, 3161, 1651, 277, 4725, 2471, 2971, 4047, 7674, 3925, 4448, 2222, 4134, 2982, 3018, 4144, 2938, 1867, 2130, 1139, 3112, 2350, 1478, 16, 1701, 3233, 4171, 3403, 4413, 6511, 974, 5891, 3584, 677, 3005, 9703, 3127, 3789, 3260, 3766, 4078, 10607, 11141, 5602, 3216, 501, 1804, 11013, 276, 2028, 3558, 3896, 2929, 3115, 2782, 3311, 3815, 2144, 3364, 2494, 84, 816, 2254, 1583, 11111, 1948, 6265, 6358, 122, 993, 1494, 4273, 2089, 399, 1580, 9828, 4659, 3905, 337, 1247, 3833, 6083, 18, 422, 2319, 10789, 6686, 4354, 378, 4471, 11042, 3690, 1845, 360, 2962, 3771, 4456, 9645, 7844, 6062, 3279, 8158, 610, 4537, 8625, 9560, 3051, 10520, 6473, 3402, 2162, 3382, 3223, 9491, 248, 6463, 539, 9656, 10963, 2762, 850, 2968, 3371, 2458, 5305, 2527, 1022, 10670, 4158, 2125, 2551, 9422, 3230, 2062, 2759, 2122, 1715, 3689, 3106, 9201, 1125, 67, 10105, 4240, 3876, 2216, 2444, 11244, 3958"
10,14074.604906,"1693, 5868, 2013, 4259, 133, 4035, 4336, 960, 10439, 3217, 2859, 2509, 915, 10068, 5011, 10478, 10663, 5180, 3200, 4383, 2245, 863, 2922, 2390, 4131, 1263, 4858, 9333, 8341, 2966, 7745, 3418, 1284, 9203, 1339, 2175, 2594, 1416, 10079, 1808, 4851, 3674, 4784, 2304, 1967, 387, 1733, 595, 5001, 3920, 3921, 2378, 811, 8127, 4346, 3646, 1646, 3942, 3074, 1010, 6897, 5267, 3386, 2635, 7769, 4484, 3455, 3286, 10807, 649, 2517, 2099, 3756, 1641, 7926, 7997, 10134, 3664, 2720, 6289, 5481, 186, 4626, 2506, 846, 11186, 9646, 9549, 4337, 5593, 1040, 2993, 4408, 4214, 803, 144, 1660, 314, 1124, 3638, 2934, 3957, 2988, 10562, 3862, 3014, 3269, 3597, 11231, 3589, 5708, 10280, 10613, 3735, 1897, 8041, 2435, 1255, 3967, 4269, 125, 3562, 1221, 7753, 2918, 1005, 1813, 2699, 8212, 1196, 3886, 397, 3089, 3253, 5698, 132, 6910, 685, 3344, 1480, 6472, 2749, 9833, 5661, 339, 3839, 5505, 2051, 9583, 3389, 2486, 1274, 2246, 1254, 6985, 7045, 4293, 5477, 1962, 2838, 2651, 2227, 11349, 2628, 2889, 1490, 2295, 377, 1029, 4276, 5196, 1396, 2609, 2754, 2240, 9627, 2732, 441, 1237, 3265, 2803, 2646, 3228, 4258, 4743, 10973, 2111, 2598, 6922, 3906, 6701, 2586, 3970, 7562, 2930, 1384, 417, 10005, 4503, 5366, 7859, 4969, 3387, 2977, 1508, 7231, 1328, 1523, 5213, 3768, 4949, 7990, 7123, 304, 4255, 255, 243, 940, 3496, 2763, 8027, 72, 6157, 2187, 8173, 3755, 1598, 139, 8523, 1605, 3733, 3153, 1695, 2001, 1432, 2445, 3208, 2625, 730, 2209, 5372, 1453, 11053, 8153, 1330, 1862, 5632, 3035, 2860, 4237, 5250, 3163, 3507, 363, 3760, 2972, 1694, 2321, 3786, 4434, 5817, 3713, 11317, 5129, 2572, 2170, 1890, 4616, 10644, 3510, 7614, 2818, 7795, 2775, 699, 1893, 3446, 7733, 4768, 1286, 1218, 4103, 1039, 9504, 1407, 10257, 10942, 8896, 797, 5574, 8260, 3330, 2218, 2419, 3296, 2811, 2265, 733, 3869, 222, 624, 6226, 4349, 1154, 2660, 1230, 4321, 3602, 82, 4377, 4195, 1004, 299, 1772, 4320, 2959, 1511, 1309, 3326, 6592, 2480, 2279, 1461, 2796, 3156, 1745, 2007, 4116, 4003, 625, 1184, 1093, 2338, 1939, 6678, 5270, 2219, 3273, 4014, 2710, 712, 844, 4253, 31, 2282, 862, 2857, 2912, 1067, 3450, 4533, 3994, 2242, 1009, 3038, 291, 2600, 3337, 2678, 10645, 521, 2910, 2877, 5283, 167, 8094, 574, 4358, 1408, 2894, 3875, 5228, 4746, 2424, 2537, 1344, 3437, 3526, 2262, 566, 1632, 777, 10065, 3675, 3325, 1754, 5870, 4361, 1749, 4470, 218, 1066, 1718, 30, 2418, 2080, 2126, 11079, 211, 11138, 4318, 390, 532, 645, 227, 1464, 3290, 1953, 3300, 2355, 4715, 2897, 10650, 1374, 1313, 3521, 2086, 5648, 4086, 472, 10679, 10361, 2915, 212, 10243, 1538, 1757, 1132, 1456, 3499, 2003, 1032, 1725, 191, 384, 3705, 266, 66, 4375, 2571, 456, 2532, 3516, 4514, 7049, 2633, 3634, 2211, 2384, 1935"
