3629,3005,22704.30
2866,2371,21785.30
2865,2371,21785.30
3517,2910,21725.30
2083,1718,21634.00
13113,10663,21322.20
1102,915,20740.00
12102,9833,20582.00
861,718,20301.00
1705,1407,20109.70
1706,1407,20109.70
3768,3115,20076.30
3767,3115,20076.30
12756,10365,20064.00
12810,10411,20024.00
6967,5758,19962.70
1350,1125,19961.00
1351,1125,19961.00
10511,8519,19935.30
10510,8519,19935.30
2522,2080,19589.00
2523,2080,19589.00
2606,2153,19392.50
2392,1967,19358.00
2403,1978,18957.30
7678,6358,18708.80
12662,10297,18673.00
4956,4116,18648.20
13820,11244,18644.50
6473,5362,18601.30
6474,5362,18601.30
11329,9201,18564.00
13089,10644,18551.70
8598,7123,18499.20
3526,2918,18484.20
3525,2918,18484.20
6567,5442,18478.30
8393,6950,18471.00
8392,6950,18471.00
1594,1318,18352.00
10075,8158,18316.70
4435,3679,18285.00
4434,3679,18285.00
1311,1093,18283.80
12376,10063,18246.70
5245,4354,18217.30
5699,4725,18136.20
11516,9353,18099.00
11517,9353,18099.00
272,226,18040.00
5200,4318,18005.60
5201,4318,18005.60
310,257,17982.70
12616,10257,17952.30
6039,4999,17943.50
6040,4999,17943.50
13956,11349,17884.00
13955,11349,17884.00
7727,6400,17875.70
11866,9640,17868.30
11867,9640,17868.30
12163,9883,17765.90
13262,10789,17756.70
13261,10789,17756.70
11794,9583,17748.70
11795,9583,17748.70
2148,1772,17627.00
11126,9034,17612.00
9457,7637,17524.00
9458,7637,17524.00
13803,11231,17452.50
11638,9455,17445.80
11637,9455,17445.80
8568,7099,17412.50
6391,5290,17411.00
4901,4066,17363.50
7843,6495,17353.00
210,173,17342.00
211,173,17342.00
7959,6592,17265.70
2699,2227,17259.70
2698,2227,17259.70
4722,3916,17241.70
10997,8926,17216.00
10998,8926,17216.00
4055,3353,17174.20
4229,3501,17119.00
5788,4794,17025.00
5028,4171,16947.80
9340,7542,16919.00
1738,1432,16857.20
1737,1432,16857.20
3081,2551,16809.00
3080,2551,16809.00
11409,9265,16808.30
3687,3050,16783.50
3688,3050,16783.50
12695,10320,16742.80
11250,9138,16722.30
12417,10093,16611.00
12416,10093,16611.00
3395,2811,16564.90
11886,9656,16534.50
3906,3229,16491.20
384,314,16476.00
383,314,16476.00
4531,3755,16456.10
12843,10439,16449.00
4754,3942,16410.50
9973,8073,16372.00
13750,11186,16351.20
13751,11186,16351.20
12328,10022,16324.70
7043,5817,16306.00
9987,8085,16221.00
5134,4260,16081.50
2008,1656,16067.30
490,405,16047.00
2886,2390,16023.00
2885,2390,16023.00
7325,6062,15964.00
8432,6985,15854.50
8433,6985,15854.50
10563,8564,15848.00
10564,8564,15848.00
10566,8566,15843.80
12859,10451,15830.00
12181,9897,15812.50
9833,7957,15794.00
9834,7957,15794.00
2621,2165,15767.80
10355,8381,15729.80
13451,10942,15714.00
741,617,15687.20
5873,4863,15676.30
3537,2929,15673.30
6731,5574,15597.00
4968,4127,15595.20
7195,5952,15565.30
13071,10630,15563.00
4325,3584,15558.70
12050,9790,15482.00
12051,9790,15482.00
8089,6699,15457.20
1409,1170,15336.30
12468,10134,15216.80
583,485,15213.60
533,442,15129.00
444,365,15090.00
5133,4259,15089.00
5563,4616,15038.70
9715,7857,15012.00
12908,10493,15011.30
12308,10005,15005.20
169,141,14985.50
170,141,14985.50
4853,4026,14949.40
2195,1811,14941.80
353,291,14928.90
13134,10679,14911.80
6122,5072,14894.00
3432,2840,14839.00
13539,11013,14834.00
1024,850,14811.00
10040,8127,14799.80
10041,8127,14799.80
3258,2700,14796.00
2729,2254,14716.30
1690,1396,14707.00
3548,2938,14700.30
7434,6157,14688.20
4994,4144,14668.70
4993,4144,14668.70
2058,1695,14658.00
5322,4415,14653.00
6829,5650,14638.30
4290,3555,14632.80
6275,5196,14557.50
10702,8680,14545.20
10703,8680,14545.20
2635,2176,14527.80
6546,5423,14526.00
3319,2749,14520.00
3320,2749,14520.00
11686,9494,14482.00
11687,9494,14482.00
13576,11042,14467.80
3197,2651,14454.90
3198,2651,14454.90
2205,1819,14445.80
13095,10650,14444.00
9775,7907,14443.20
9776,7907,14443.20
2471,2035,14433.20
2470,2035,14433.20
3992,3300,14418.50
4387,3638,14417.00
3753,3103,14408.00
9276,7487,14400.90
1499,1242,14399.70
3312,2744,14384.00
371,304,14367.00
5393,4471,14347.20
3987,3296,14339.00
2823,2335,14286.00
10273,8320,14266.20
10274,8320,14266.20
2121,1749,14238.80
1018,844,14171.00
100,84,14161.00
5281,4383,14157.00
11130,9037,14156.00
11131,9037,14156.00
2929,2424,14138.00
9274,7485,14078.80
9273,7485,14078.80
751,625,14064.20
13590,11054,13988.00
4560,3782,13951.00
1509,1250,13935.20
12144,9869,13911.00
12145,9869,13911.00
6042,5001,13880.50
3929,3249,13874.00
255,212,13841.00
3294,2728,13829.00
6789,5622,13818.30
8276,6856,13770.00
2056,1693,13758.00
78,67,13753.00
2966,2456,13741.30
13417,10915,13697.80
7412,6138,13686.30
7411,6138,13686.30
3336,2763,13671.20
218,179,13667.00
6729,5572,13662.00
992,825,13658.00
4377,3629,13649.50
6610,5477,13621.30
2063,1698,13585.00
981,817,13580.00
4141,3426,13576.00
458,378,13567.20
5284,4386,13544.00
3063,2537,13540.00
3285,2720,13533.20
3284,2720,13533.20
774,645,13466.00
4656,3862,13412.80
3029,2509,13400.00
3264,2705,13331.20
4668,3872,13325.20
4667,3872,13325.20
9417,7606,13321.80
2193,1809,13312.00
2192,1809,13312.00
11405,9263,13234.30
11406,9263,13234.30
9844,7965,13223.00
9845,7965,13223.00
6383,5283,13208.00
2814,2327,13208.00
1862,1536,13204.00
9451,7632,13180.00
9450,7632,13180.00
2586,2139,13166.00
2587,2139,13166.00
160,133,13160.00
2181,1801,13152.00
10351,8377,13140.80
10350,8377,13140.80
2136,1762,13070.00
2623,2167,13016.00
13447,10940,13010.00
13448,10940,13010.00
10389,8411,12996.30
3073,2545,12954.00
3072,2545,12954.00
1045,867,12943.00
10662,8645,12934.00
6417,5313,12927.20
7150,5912,12922.80
1772,1461,12922.10
5642,4681,12919.00
6893,5698,12876.00
6892,5698,12876.00
5223,4336,12872.00
1282,1068,12861.50
2835,2346,12839.00
2975,2464,12828.00
4003,3311,12827.90
1936,1598,12822.00
1937,1598,12822.00
5149,4273,12804.20
1583,1309,12799.00
9505,7674,12797.30
3765,3113,12766.00
8670,7184,12765.00
2000,1650,12749.00
3164,2622,12748.00
3163,2622,12748.00
5468,4533,12732.50
2822,2334,12720.00
3824,3163,12705.70
3825,3163,12705.70
3332,2759,12692.00
4167,3446,12659.00
3546,2936,12647.00
2304,1897,12615.50
2303,1897,12615.50
3130,2594,12607.00
512,426,12584.20
967,807,12579.00
3471,2872,12571.00
2237,1845,12537.00
2238,1845,12537.00
12547,10202,12524.30
2431,2001,12524.00
11683,9491,12519.00
5217,4332,12494.60
4304,3567,12473.30
1444,1196,12445.00
1443,1196,12445.00
3484,2882,12443.00
3667,3035,12443.00
3668,3035,12443.00
116,97,12438.00
117,97,12438.00
1986,1638,12425.00
1985,1638,12425.00
3738,3090,12416.20
2560,2116,12413.80
5318,4413,12412.00
5319,4413,12412.00
559,465,12404.50
5338,4427,12323.00
5337,4427,12323.00
85,72,12318.00
86,72,12318.00
2626,2170,12317.00
9582,7745,12313.80
4518,3745,12310.00
10382,8405,12286.00
4482,3717,12285.20
3335,2762,12266.00
8666,7180,12245.50
1366,1136,12214.80
3351,2775,12146.50
3350,2775,12146.50
3057,2532,12133.00
3056,2532,12133.00
1107,918,12115.00
2266,1868,12111.00
9546,7713,12091.70
4520,3747,12081.00
4673,3876,12056.00
2291,1888,12032.00
3538,2930,12032.00
5050,4190,12006.00
2223,1832,12000.10
2066,1701,11996.30
3601,2982,11994.00
3602,2982,11994.00
4369,3622,11984.00
4371,3624,11953.00
415,339,11936.20
414,339,11936.20
1791,1478,11931.00
2550,2106,11928.00
13912,11317,11923.80
8548,7082,11885.00
9664,7815,11843.80
9663,7815,11843.80
1909,1576,11816.00
10282,8327,11804.20
4790,3971,11795.00
9997,8094,11788.00
3977,3286,11785.00
3039,2517,11769.00
2277,1876,11762.00
3984,3293,11745.70
9760,7894,11738.70
11372,9236,11733.00
939,785,11730.80
2591,2142,11712.00
2590,2142,11712.00
8738,7240,11671.70
8737,7240,11671.70
4606,3822,11657.00
1681,1389,11603.70
11768,9560,11596.70
9675,7824,11584.80
536,445,11565.00
593,494,11564.60
4077,3371,11549.00
1847,1523,11527.00
4428,3674,11471.70
5126,4253,11469.20
4745,3935,11462.00
3970,3279,11462.00
13201,10738,11449.50
1637,1350,11447.00
6001,4969,11421.80
2494,2055,11365.00
4907,4071,11350.00
4906,4071,11350.00
3494,2891,11298.00
3890,3216,11297.30
5320,4414,11276.00
5321,4414,11276.00
2302,1896,11254.50
4569,3789,11244.00
6499,5385,11243.30
1989,1641,11226.60
1990,1641,11226.60
10476,8489,11205.00
10475,8489,11205.00
1209,1005,11198.00
3251,2694,11168.00
3252,2694,11168.00
11004,8931,11147.70
1670,1380,11129.00
4504,3733,11123.00
4505,3733,11123.00
123,102,11120.20
2229,1838,11012.10
3798,3141,10992.00
4278,3544,10975.00
13412,10911,10959.00
11286,9167,10919.30
7567,6265,10913.50
11545,9377,10905.00
11461,9307,10880.50
3903,3227,10868.00
4025,3329,10853.00
4024,3329,10853.00
631,525,10836.70
4643,3851,10799.00
13246,10774,10794.00
5236,4346,10785.00
3166,2624,10744.00
11274,9159,10735.00
6544,5422,10735.00
11275,9159,10735.00
6545,5422,10735.00
11685,9493,10733.80
5860,4852,10719.00
5977,4948,10706.20
13971,11362,10687.00
585,487,10684.00
586,487,10684.00
290,240,10671.00
291,240,10671.00
2,2,10638.70
9173,7401,10638.70
3,2,10638.70
9174,7401,10638.70
1828,1508,10624.70
5395,4473,10619.00
550,458,10617.00
9202,7424,10614.20
31,25,10614.20
11314,9188,10591.30
11754,9548,10575.00
1098,911,10568.00
13852,11271,10558.30
9606,7765,10549.00
5215,4330,10535.60
5214,4330,10535.60
12359,10049,10526.00
12358,10049,10526.00
1040,863,10520.30
1215,1011,10485.50
3542,2933,10449.00
3543,2933,10449.00
11596,9422,10425.50
2501,2062,10425.50
3942,3258,10424.00
1609,1329,10409.20
1608,1329,10409.20
5521,4580,10407.80
1295,1079,10392.00
32,26,10387.00
4584,3804,10371.70
1458,1207,10362.00
1417,1177,10346.00
7423,6148,10337.00
7422,6148,10337.00
6469,5358,10330.00
3690,3052,10319.50
4811,3990,10312.00
5232,4342,10307.00
45,37,10305.50
1755,1447,10294.70
1865,1538,10288.00
1864,1538,10288.00
826,689,10257.20
1370,1139,10247.80
13640,11096,10216.00
4418,3665,10210.80
39,31,10202.00
10828,8784,10195.00
5858,4851,10187.20
5859,4851,10187.20
9872,7990,10178.00
3891,3217,10147.30
5144,4268,10145.00
5143,4268,10145.00
3406,2818,10141.00
3405,2818,10141.00
8667,7181,10137.50
1944,1603,10124.00
10636,8625,10121.80
3326,2754,10093.30
5358,4442,10092.00
4139,3424,10085.00
5606,4650,10082.00
3026,2506,10076.00
11873,9645,10076.00
9370,7565,10074.80
4464,3702,10068.00
3192,2646,10065.80
1778,1466,10056.00
1777,1466,10056.00
6366,5269,10010.00
8764,7262,9996.00
4196,3472,9988.00
1830,1510,9985.00
2110,1739,9979.00
4088,3381,9971.00
4089,3381,9971.00
1949,1607,9958.00
1948,1607,9958.00
3376,2795,9957.00
3377,2795,9957.00
1899,1567,9935.00
452,372,9933.00
2235,1843,9932.70
3801,3143,9928.00
3800,3143,9928.00
5701,4727,9926.00
2998,2483,9922.00
2610,2156,9921.00
2214,1826,9921.00
2609,2156,9921.00
2200,1815,9896.00
4578,3798,9895.00
2684,2216,9889.00
331,274,9886.00
3222,2668,9884.00
107,90,9882.00
4042,3343,9873.00
2562,2118,9871.00
6987,5774,9855.00
348,286,9848.00
347,286,9848.00
11713,9513,9846.00
11714,9513,9846.00
3333,2760,9845.00
4142,3427,9843.00
4067,3364,9841.70
4078,3372,9838.00
1676,1385,9834.00
2212,1824,9834.00
1677,1385,9834.00
4530,3754,9829.00
4529,3754,9829.00
389,319,9818.50
2585,2138,9788.00
1557,1287,9767.00
2864,2370,9747.00
6753,5593,9746.80
6178,5120,9746.70
12586,10233,9740.70
2130,1758,9739.00
3038,2516,9721.00
1052,874,9720.30
1053,874,9720.30
1600,1323,9720.00
1599,1323,9720.00
1872,1544,9715.00
1873,1544,9715.00
4161,3440,9714.00
2488,2050,9704.00
2844,2353,9700.00
2217,1828,9694.50
2216,1828,9694.50
5760,4774,9689.00
5761,4774,9689.00
3083,2553,9687.00
333,276,9682.50
2089,1723,9680.00
2090,1723,9680.00
11252,9140,9673.00
4395,3645,9672.00
46,38,9666.80
9217,7437,9666.80
3512,2906,9658.00
4009,3316,9655.00
1019,845,9651.00
3860,3193,9641.00
4365,3618,9638.00
3324,2753,9637.00
3325,2753,9637.00
2015,1662,9626.00
2873,2378,9612.00
4715,3909,9609.00
1860,1534,9606.00
2701,2229,9605.00
5141,4266,9605.00
6922,5724,9599.00
2041,1681,9588.00
1080,897,9586.00
243,201,9584.00
1038,861,9583.00
4653,3860,9571.50
9721,7861,9564.00
4542,3766,9546.00
3105,2574,9546.00
2122,1750,9545.00
2390,1965,9541.00
2941,2435,9537.90
13090,10645,9527.00
3313,2745,9527.00
3789,3133,9518.00
833,695,9516.00
3074,2546,9513.50
2806,2319,9510.00
4721,3915,9510.00
8661,7176,9509.00
1825,1506,9498.00
5965,4937,9483.20
7765,6434,9480.20
3427,2836,9472.00
3428,2836,9472.00
11911,9677,9471.00
3407,2819,9461.00
3408,2819,9461.00
7299,6040,9460.00
3612,2991,9455.00
3613,2991,9455.00
239,197,9454.00
615,512,9449.00
11978,9731,9447.70
11979,9731,9447.70
4220,3492,9447.00
4761,3946,9439.00
4760,3946,9439.00
2104,1734,9431.00
747,622,9428.00
1617,1336,9426.00
2919,2416,9425.00
2918,2416,9425.00
4107,3397,9400.00
3713,3071,9390.00
2656,2194,9386.00
2316,1906,9385.80
2207,1821,9385.00
2208,1821,9385.00
273,227,9381.00
4494,3726,9373.00
2958,2450,9370.00
2997,2482,9369.00
6196,5133,9366.00
4026,3330,9364.70
1223,1019,9364.00
5326,4418,9359.00
5325,4418,9359.00
5171,4293,9358.00
2876,2381,9358.00
2361,1943,9357.00
2362,1943,9357.00
1120,930,9356.00
3823,3162,9350.00
1248,1040,9350.00
12730,10345,9347.00
12729,10345,9347.00
1586,1311,9327.00
1585,1311,9327.00
10,8,9324.00
11,8,9324.00
504,418,9316.00
379,311,9300.00
378,311,9300.00
330,273,9299.10
2473,2037,9297.00
1528,1266,9291.00
2860,2367,9279.00
2481,2044,9278.00
13968,11359,9274.30
621,517,9255.00
1008,837,9250.00
2593,2143,9249.00
2592,2143,9249.00
778,648,9240.00
1522,1261,9222.00
3257,2699,9221.00
4137,3422,9212.00
4079,3373,9211.00
6115,5066,9207.80
10813,8772,9196.30
1512,1253,9195.00
4062,3360,9194.00
120,99,9185.00
4113,3402,9177.00
2805,2318,9177.00
2842,2351,9173.00
2539,2096,9172.00
2841,2350,9166.20
1967,1623,9160.00
1968,1623,9160.00
4206,3479,9156.00
10777,8742,9154.00
10778,8742,9154.00
4601,3818,9135.00
4602,3818,9135.00
1714,1414,9134.00
2203,1817,9131.00
3787,3131,9131.00
3421,2830,9131.00
975,812,9128.00
1317,1097,9125.00
1316,1097,9125.00
1699,1403,9120.00
1347,1123,9112.00
1348,1123,9112.00
230,190,9110.00
4739,3930,9101.00
483,399,9099.50
4575,3795,9098.00
3915,3237,9095.00
2611,2157,9094.00
1157,960,9091.00
590,491,9090.00
1701,1404,9086.00
1700,1404,9086.00
1995,1645,9078.00
2845,2354,9071.00
4546,3770,9060.00
3911,3233,9044.00
3570,2956,9042.00
92,78,9039.00
3769,3116,9037.00
1067,886,9034.00
2654,2192,9030.00
2072,1707,9026.90
4791,3972,9024.00
4532,3756,9023.00
677,564,9008.00
4623,3836,8995.00
4453,3693,8992.00
4454,3693,8992.00
338,280,8985.00
1100,913,8984.00
3632,3007,8981.00
2853,2361,8965.00
4789,3970,8957.00
7324,6061,8950.00
4332,3590,8939.00
1480,1227,8936.00
5313,4408,8935.90
5312,4408,8935.90
2103,1733,8934.00
605,503,8921.00
3305,2738,8914.00
1146,950,8910.00
3916,3238,8902.00
3917,3238,8902.00
828,690,8901.00
827,690,8901.00
122,101,8892.00
13380,10884,8888.00
3772,3118,8886.00
3771,3118,8886.00
3574,2960,8884.00
3186,2640,8872.00
4636,3845,8866.00
2831,2343,8862.00
3369,2790,8862.00
4620,3834,8861.00
4621,3834,8861.00
4916,4079,8860.00
996,828,8852.00
1325,1104,8840.00
3918,3239,8838.00
1832,1512,8822.00
422,345,8819.00
2165,1786,8818.00
2164,1786,8818.00
9930,8039,8815.50
3893,3219,8811.00
10201,8261,8796.80
10200,8261,8796.80
754,627,8782.00
2317,1907,8775.00
3346,2771,8767.00
3345,2771,8767.00
4285,3550,8762.00
4284,3550,8762.00
1867,1540,8761.00
2469,2034,8744.00
9403,7594,8742.00
3384,2800,8740.00
501,415,8740.00
2493,2054,8738.00
476,395,8735.00
477,395,8735.00
3295,2729,8733.00
3225,2670,8732.00
652,541,8728.00
497,412,8727.00
498,412,8727.00
3974,3283,8720.00
2613,2159,8719.00
2288,1886,8710.70
2289,1886,8710.70
2932,2427,8706.00
3815,3155,8704.00
3328,2756,8702.00
192,159,8694.00
8777,7274,8689.80
3378,2796,8672.00
3379,2796,8672.00
6015,4981,8666.00
3564,2950,8653.00
4148,3431,8649.00
4147,3431,8649.00
8359,6924,8644.50
2625,2169,8640.00
4136,3421,8640.00
3185,2639,8633.00
2458,2023,8631.00
2457,2023,8631.00
3518,2911,8629.00
4550,3774,8626.00
238,196,8626.00
3540,2932,8615.30
3541,2932,8615.30
2809,2322,8610.00
2178,1798,8605.00
2794,2309,8604.00
2795,2309,8604.00
1516,1256,8602.00
3201,2653,8590.00
1349,1124,8582.70
819,683,8578.00
820,683,8578.00
3431,2839,8577.00
4360,3614,8563.70
6359,5263,8555.00
4043,3344,8537.00
1303,1085,8537.00
1300,1083,8532.00
10275,8321,8525.00
10276,8321,8525.00
2659,2197,8524.00
7970,6602,8523.00
2758,2278,8522.00
3643,3016,8517.00
11804,9591,8508.70
4657,3863,8504.00
352,290,8504.00
3945,3260,8502.00
3944,3260,8502.00
1556,1286,8500.00
7339,6075,8499.00
496,411,8499.00
2700,2228,8498.70
1236,1029,8478.00
3594,2976,8473.00
2617,2162,8468.00
2616,2162,8468.00
4495,3727,8464.00
3280,2716,8445.00
3279,2716,8445.00
3851,3185,8445.00
3850,3185,8445.00
1231,1026,8434.00
1232,1026,8434.00
1595,1319,8431.00
11093,9006,8424.00
3383,2799,8406.00
1064,883,8406.00
3382,2799,8406.00
4186,3463,8384.00
445,366,8380.00
446,366,8380.00
13,10,8377.00
351,289,8366.00
3821,3160,8364.00
3365,2787,8356.00
2146,1770,8351.00
2227,1836,8351.00
11380,9241,8348.70
11379,9241,8348.70
3947,3262,8340.00
1408,1169,8339.00
5517,4576,8339.00
547,455,8339.00
13687,11135,8337.00
4041,3342,8335.00
4040,3342,8335.00
341,282,8333.00
342,282,8333.00
3492,2889,8330.00
556,462,8325.00
1691,1397,8319.00
3356,2779,8311.00
3739,3091,8309.00
3568,2954,8306.00
4576,3796,8301.00
970,809,8298.00
2526,2083,8282.00
531,441,8279.00
532,441,8279.00
2989,2475,8278.00
4215,3487,8275.00
1625,1342,8272.00
1624,1342,8272.00
1402,1165,8270.00
1403,1165,8270.00
743,619,8267.00
10043,8129,8260.00
12133,9859,8259.50
1158,961,8255.00
8506,7049,8253.20
143,119,8252.00
1435,1190,8249.00
4658,3864,8237.00
426,349,8228.00
427,349,8228.00
10209,8268,8228.00
2430,2000,8227.00
4373,3626,8224.00
1269,1056,8223.70
798,666,8218.00
799,666,8218.00
1140,945,8215.00
3191,2645,8212.00
3396,2812,8211.00
725,606,8211.00
568,472,8200.20
276,230,8200.00
277,230,8200.00
3582,2967,8197.00
13620,11079,8191.50
4975,4131,8190.10
4974,4131,8190.10
3157,2616,8188.00
3054,2530,8176.00
1996,1646,8172.00
3271,2711,8171.00
4358,3612,8167.00
514,427,8166.00
513,427,8166.00
1238,1031,8166.00
115,96,8160.10
114,96,8160.10
11662,9472,8152.00
4765,3950,8140.00
3745,3096,8138.00
4291,3556,8137.80
576,478,8137.00
575,478,8137.00
9250,7465,8130.60
3414,2824,8130.00
4490,3722,8123.00
4489,3722,8123.00
1800,1486,8118.00
2947,2440,8110.00
1898,1566,8109.00
1662,1374,8107.30
10023,8114,8107.00
3107,2576,8106.00
3108,2576,8106.00
2006,1655,8104.00
2007,1655,8104.00
3393,2809,8103.00
4456,3695,8101.00
762,635,8097.00
3049,2527,8096.60
3050,2527,8096.60
1913,1580,8094.20
1917,1583,8094.20
686,572,8094.00
687,572,8094.00
2510,2070,8092.00
3199,2652,8086.00
1339,1116,8086.00
3200,2652,8086.00
3095,2564,8086.00
2225,1834,8084.00
2696,2226,8082.00
2697,2226,8082.00
65,56,8080.00
1037,860,8071.00
1762,1453,8070.80
811,675,8062.00
810,675,8062.00
4604,3820,8054.00
42,34,8051.00
2102,1732,8050.00
2190,1808,8033.20
2166,1787,8033.20
2191,1808,8033.20
3900,3225,8030.00
3901,3225,8030.00
765,638,8028.00
3655,3026,8024.00
1327,1106,8022.80
12079,9814,8013.70
9316,7523,8013.00
1783,1471,8011.00
3311,2743,8011.00
1890,1559,8004.00
3473,2873,7994.00
3472,2873,7994.00
4103,3393,7993.00
4102,3393,7993.00
2922,2419,7984.30
1363,1134,7980.00
2045,1685,7968.00
2046,1685,7968.00
4315,3577,7964.00
2637,2178,7959.00
1742,1435,7949.00
2915,2413,7944.00
433,355,7939.00
121,100,7927.00
2740,2263,7927.00
193,160,7926.00
5046,4186,7922.00
2652,2190,7921.00
3030,2510,7918.00
12485,10148,7913.00
4074,3368,7908.00
4073,3368,7908.00
616,513,7908.00
3487,2885,7905.00
1857,1532,7903.00
1856,1532,7903.00
7672,6353,7902.00
4134,3419,7898.00
266,221,7896.00
1410,1171,7893.00
1411,1171,7893.00
2787,2303,7892.00
4925,4088,7890.70
9846,7966,7887.70
1965,1621,7887.00
4346,3603,7883.00
3962,3273,7876.00
423,346,7875.00
1510,1251,7870.00
500,414,7870.00
4338,3595,7868.00
2676,2211,7863.00
4416,3663,7862.00
30,24,7862.00
4571,3791,7862.00
1929,1591,7859.00
4401,3650,7858.00
2073,1708,7858.00
1580,1306,7853.00
2177,1797,7850.00
644,535,7848.00
1275,1062,7844.00
5399,4476,7843.00
4331,3589,7843.00
4382,3633,7836.00
3806,3147,7827.00
3509,2903,7826.00
3508,2903,7826.00
4430,3675,7824.00
4429,3675,7824.00
1663,1375,7819.00
380,312,7814.00
1280,1067,7811.00
1281,1067,7811.00
3959,3270,7806.00
424,347,7801.20
3618,2996,7798.00
4437,3681,7797.00
4438,3681,7797.00
1020,846,7795.50
2206,1820,7794.00
2525,2082,7791.00
2561,2117,7786.00
716,598,7781.00
6301,5215,7778.00
4548,3772,7775.00
4524,3750,7774.00
4525,3750,7774.00
4833,4010,7772.00
668,555,7768.00
3092,2561,7764.00
2712,2239,7760.00
10517,8523,7753.30
3436,2843,7746.00
3437,2843,7746.00
1657,1369,7743.00
11114,9024,7742.00
7291,6034,7741.80
13657,11111,7740.50
13658,11111,7740.50
3013,2496,7734.00
3014,2496,7734.00
3085,2555,7725.00
3086,2555,7725.00
3670,3037,7718.70
11050,8972,7713.00
1450,1201,7709.00
36,29,7708.00
37,29,7708.00
4822,3999,7701.00
4559,3781,7701.00
4821,3999,7701.00
4412,3659,7694.00
4411,3659,7694.00
2220,1830,7692.00
1904,1571,7692.00
2221,1830,7692.00
4709,3905,7689.00
4836,4013,7689.00
7311,6051,7685.00
4474,3711,7683.20
132,110,7664.00
2566,2122,7663.00
2981,2470,7658.00
4259,3528,7655.00
4287,3552,7648.00
4234,3506,7646.00
4493,3725,7642.00
1202,998,7641.00
4472,3709,7625.00
3854,3188,7623.00
4814,3993,7616.00
3462,2864,7611.00
3461,2864,7611.00
4352,3608,7610.00
4663,3869,7608.50
3394,2810,7608.00
3084,2554,7607.00
1051,873,7604.00
9346,7546,7603.80
2301,1895,7601.50
2300,1895,7601.50
4826,4003,7601.50
4050,3349,7601.00
2535,2092,7598.00
1905,1572,7596.00
12802,10404,7595.00
3347,2772,7594.00
2365,1946,7593.00
782,652,7591.00
4622,3835,7584.00
3861,3194,7584.00
530,440,7581.00
2852,2360,7580.00
3425,2834,7579.00
5928,4907,7575.00
1313,1095,7575.00
1314,1095,7575.00
1322,1101,7553.00
2620,2164,7552.00
2619,2164,7552.00
1927,1590,7550.00
1928,1590,7550.00
1833,1513,7549.00
4109,3399,7546.00
4116,3405,7543.00
4160,3439,7541.00
1194,990,7538.00
253,210,7534.00
4036,3338,7531.00
2370,1949,7525.00
3465,2867,7523.00
2499,2060,7523.00
1213,1009,7521.00
7348,6083,7518.00
7390,6118,7518.00
4100,3391,7515.00
5253,4361,7512.70
5254,4361,7512.70
13845,11265,7512.00
4516,3743,7510.00
3833,3169,7510.00
2153,1776,7510.00
2419,1991,7510.00
1204,1000,7506.00
1751,1443,7505.00
3504,2899,7503.00
1404,1166,7502.20
3482,2880,7501.00
3103,2572,7500.00
2863,2369,7499.00
2862,2369,7499.00
2546,2102,7497.00
3727,3082,7496.00
301,249,7494.00
5618,4660,7489.00
7241,5991,7485.00
4507,3735,7475.00
3691,3053,7465.00
13098,10652,7462.00
3852,3186,7456.00
3705,3064,7454.00
329,272,7454.00
251,208,7446.00
1532,1269,7439.00
1531,1269,7439.00
228,188,7426.00
1449,1200,7424.00
913,763,7417.00
1151,955,7411.00
1116,927,7405.00
76,65,7402.00
1255,1046,7399.00
1718,1417,7394.00
3921,3242,7389.00
3883,3210,7388.00
3609,2988,7384.00
3608,2988,7384.00
151,126,7384.00
3919,3240,7380.30
4225,3497,7379.00
159,132,7370.20
124,103,7370.20
158,132,7370.20
2226,1835,7369.00
4279,3545,7358.00
10090,8169,7356.00
127,105,7348.00
13231,10762,7347.00
3079,2550,7347.00
5333,4423,7343.00
9418,7607,7342.00
9419,7607,7342.00
1821,1502,7338.00
2141,1766,7336.00
3782,3127,7334.00
1439,1193,7334.00
4719,3913,7333.00
3527,2919,7331.00
4648,3855,7323.00
2350,1934,7322.00
2349,1934,7322.00
2917,2415,7308.00
2673,2209,7305.00
2674,2209,7305.00
1799,1485,7303.00
522,434,7303.00
2870,2375,7301.00
2368,1948,7300.00
2369,1948,7300.00
3129,2593,7300.00
57,48,7297.00
1640,1353,7297.00
56,48,7297.00
1685,1392,7297.00
4065,3362,7294.00
59,50,7293.00
2908,2407,7292.00
4299,3562,7290.50
569,473,7285.00
4766,3951,7284.00
6551,5428,7281.30
3341,2767,7272.00
3340,2767,7272.00
4219,3491,7271.00
55,47,7264.00
1829,1509,7263.00
1167,968,7262.00
1166,968,7262.00
3980,3289,7260.00
2719,2245,7248.80
6318,5228,7242.00
6317,5228,7242.00
4639,3848,7241.00
12750,10361,7240.00
6749,5591,7239.80
6750,5591,7239.80
4157,3437,7239.00
2354,1938,7232.00
1555,1285,7213.00
543,451,7208.00
4047,3346,7206.00
4046,3346,7206.00
2890,2394,7204.00
2891,2394,7204.00
519,431,7197.00
3480,2879,7193.00
3481,2879,7193.00
506,420,7192.00
289,239,7189.00
6033,4994,7178.80
7980,6609,7176.00
1682,1390,7158.00
4642,3850,7157.00
4641,3850,7157.00
1756,1448,7156.00
3550,2940,7156.00
1757,1448,7156.00
2935,2429,7155.00
9995,8092,7151.00
3011,2494,7146.00
1453,1204,7146.00
1242,1035,7136.00
873,728,7125.00
1814,1496,7125.00
2308,1900,7114.00
234,193,7110.00
233,193,7110.00
11123,9031,7106.00
4979,4134,7103.00
1900,1568,7103.00
1901,1568,7103.00
4603,3819,7102.00
3458,2862,7099.00
456,376,7097.00
4173,3451,7097.00
13190,10728,7088.50
1945,1604,7088.00
1196,992,7087.00
2709,2237,7087.00
1291,1076,7087.00
4461,3699,7085.00
11195,9093,7083.00
473,392,7070.00
4175,3453,7062.00
2551,2107,7058.00
399,327,7057.00
3730,3084,7042.00
13548,11021,7040.70
3516,2909,7036.00
3082,2552,7035.00
2950,2443,7034.00
916,766,7032.00
2459,2024,7024.00
2714,2241,7016.00
545,453,7012.00
1639,1352,7004.00
4553,3776,7000.00
4406,3655,6996.00
359,295,6992.00
215,176,6985.30
5866,4858,6983.30
3978,3287,6968.00
1808,1491,6966.00
1807,1491,6966.00
12943,10520,6959.80
11976,9730,6956.00
11977,9730,6956.00
2171,1791,6956.00
1669,1379,6953.00
4533,3757,6952.00
2313,1904,6951.00
3195,2649,6951.00
5389,4467,6950.50
1559,1289,6950.00
3644,3017,6948.00
484,400,6948.00
2264,1866,6947.00
4405,3654,6946.00
2959,2451,6944.00
2371,1950,6943.00
4792,3973,6941.00
537,446,6941.00
2834,2345,6940.20
370,303,6935.00
9456,7636,6934.00
2720,2246,6930.00
2548,2104,6927.00
4772,3956,6927.00
2954,2447,6911.00
2955,2447,6911.00
404,330,6908.00
403,330,6908.00
2785,2301,6907.00
4099,3390,6904.50
157,131,6904.00
3167,2625,6900.00
1589,1314,6889.00
1651,1363,6888.00
68,59,6885.00
2406,1980,6879.00
724,605,6876.00
4594,3813,6873.00
4595,3813,6873.00
12755,10364,6871.00
12754,10364,6871.00
226,186,6862.00
4539,3763,6855.00
1178,977,6846.00
2558,2114,6844.00
2582,2135,6841.00
2760,2280,6841.00
6422,5317,6835.80
561,467,6832.00
1165,967,6824.00
3791,3135,6814.00
1779,1467,6814.00
494,409,6810.00
5347,4434,6809.00
2314,1905,6803.00
2315,1905,6803.00
2797,2311,6798.00
3529,2921,6797.00
4082,3376,6794.00
221,181,6780.00
3397,2813,6771.00
3398,2813,6771.00
2799,2313,6767.00
2065,1700,6765.00
2653,2191,6762.00
4619,3833,6760.00
1719,1418,6759.00
2135,1761,6749.00
1195,991,6748.00
2513,2072,6746.00
2180,1800,6746.00
2363,1944,6741.00
4813,3992,6738.00
2603,2151,6736.00
4589,3808,6733.00
3751,3102,6722.00
3939,3256,6722.00
3752,3102,6722.00
781,651,6714.00
2093,1726,6709.00
9929,8038,6709.00
2094,1726,6709.00
2460,2025,6704.00
3711,3069,6704.00
10096,8173,6695.00
10095,8173,6695.00
9880,7997,6694.20
4241,3513,6692.00
4242,3513,6692.00
1355,1129,6689.00
6299,5213,6687.00
2137,1763,6685.00
448,368,6680.00
9427,7614,6678.70
9428,7614,6678.70
2721,2247,6667.00
11121,9030,6660.00
11122,9030,6660.00
3503,2898,6655.00
3502,2898,6655.00
6257,5181,6652.50
7521,6226,6643.70
4211,3484,6634.00
3732,3085,6630.00
2396,1971,6624.00
3099,2568,6620.00
1827,1507,6619.00
1826,1507,6619.00
3453,2858,6619.00
900,750,6615.00
2095,1727,6610.00
4806,3986,6609.00
1030,855,6608.00
1525,1264,6605.00
1526,1264,6605.00
2259,1862,6601.70
3450,2856,6599.00
1521,1260,6594.00
51,43,6589.00
4706,3903,6583.00
11574,9403,6583.00
4707,3903,6583.00
2400,1975,6581.00
358,294,6573.00
791,660,6572.00
859,717,6561.00
860,717,6561.00
3439,2845,6559.00
2759,2279,6556.30
2098,1729,6554.00
2097,1729,6554.00
1459,1208,6552.00
1885,1554,6551.00
393,322,6550.00
392,322,6550.00
3203,2655,6544.00
3204,2655,6544.00
980,816,6539.70
2755,2275,6531.00
1060,880,6530.10
1059,880,6530.10
4600,3817,6529.00
2173,1793,6527.00
225,185,6526.00
469,388,6524.00
2944,2438,6522.00
1181,980,6521.00
4807,3987,6518.00
4340,3597,6516.70
2622,2166,6516.00
4385,3636,6515.00
3124,2588,6509.00
4320,3581,6509.00
1614,1333,6508.00
3113,2580,6505.00
3114,2580,6505.00
12221,9928,6505.00
12220,9928,6505.00
4733,3925,6503.00
4564,3785,6502.00
4563,3785,6502.00
3749,3100,6497.00
11266,9153,6493.00
11267,9153,6493.00
897,748,6492.00
896,748,6492.00
12382,10068,6483.70
12383,10068,6483.70
12378,10065,6483.70
2528,2085,6474.00
4400,3649,6472.00
1395,1159,6470.00
1394,1159,6470.00
9915,8027,6469.70
777,647,6465.00
776,647,6465.00
1114,925,6463.00
140,116,6456.00
139,116,6456.00
3847,3182,6455.00
2429,1999,6454.00
4280,3546,6453.00
453,373,6452.00
9366,7562,6450.20
8677,7190,6450.00
8678,7190,6450.00
2810,2323,6446.00
4124,3411,6443.00
2843,2352,6443.00
601,500,6435.60
602,500,6435.60
4341,3598,6435.00
4705,3902,6435.00
1251,1043,6433.00
1252,1043,6433.00
13346,10857,6426.30
421,344,6422.00
4672,3875,6413.70
929,777,6412.00
2490,2052,6412.00
1616,1335,6411.00
7815,6473,6408.80
2904,2405,6407.00
2905,2405,6407.00
2838,2348,6406.00
3955,3267,6403.00
3954,3267,6403.00
3290,2724,6399.00
2739,2262,6395.00
4638,3847,6390.00
2228,1837,6387.00
4085,3378,6387.00
4084,3378,6387.00
557,463,6385.00
447,367,6384.00
3857,3191,6380.00
835,697,6372.00
2953,2446,6372.00
836,697,6372.00
3985,3294,6369.00
4354,3609,6366.00
4353,3609,6366.00
3523,2916,6363.00
1476,1223,6361.00
440,362,6361.00
4567,3787,6360.00
1046,868,6358.00
2309,1901,6355.00
2638,2179,6354.00
28,22,6352.00
3676,3042,6343.00
3677,3042,6343.00
11710,9510,6341.00
11709,9510,6341.00
3812,3152,6339.00
3519,2912,6336.00
11064,8982,6330.20
11063,8982,6330.20
831,693,6329.00
7186,5944,6325.00
2451,2018,6325.00
3232,2677,6324.00
3451,2857,6317.00
3452,2857,6317.00
4579,3799,6312.00
2128,1756,6307.00
4201,3476,6307.00
4202,3476,6307.00
4797,3978,6305.00
2746,2268,6303.00
4195,3471,6292.00
4194,3471,6292.00
3507,2902,6290.00
2298,1893,6289.00
2297,1893,6289.00
3184,2638,6284.00
1883,1552,6284.00
3021,2503,6279.00
3022,2503,6279.00
27,21,6276.00
2768,2287,6275.00
684,570,6273.00
2679,2213,6273.00
2680,2213,6273.00
1590,1315,6272.00
3673,3039,6268.00
4386,3637,6265.00
4265,3534,6264.00
612,509,6261.00
611,509,6261.00
1353,1127,6260.00
236,195,6260.00
237,195,6260.00
1953,1610,6258.00
12738,10351,6258.00
1952,1610,6258.00
12739,10351,6258.00
4723,3917,6256.00
4798,3979,6256.00
3870,3201,6250.00
3259,2701,6250.00
3871,3201,6250.00
676,563,6245.00
4519,3746,6242.00
1533,1270,6239.30
10198,8260,6239.20
10199,8260,6239.20
3334,2761,6238.00
4185,3462,6234.00
1932,1594,6227.00
1025,851,6225.00
1727,1424,6224.00
1728,1424,6224.00
2346,1931,6223.00
2345,1931,6223.00
3236,2681,6222.00
474,393,6222.00
932,780,6220.00
9642,7795,6202.00
9641,7795,6202.00
4608,3824,6198.00
5117,4245,6197.00
1648,1361,6195.00
1649,1361,6195.00
2325,1915,6194.00
4021,3327,6193.00
1569,1297,6189.00
1570,1297,6189.00
1296,1080,6185.00
838,698,6177.00
837,698,6177.00
1090,905,6176.00
4359,3613,6174.00
3459,2863,6168.00
3460,2863,6168.00
695,578,6159.00
696,578,6159.00
3524,2917,6157.00
4064,3361,6154.00
4063,3361,6154.00
4001,3309,6152.00
98,83,6150.00
99,83,6150.00
3913,3235,6149.00
1029,854,6147.00
317,263,6145.00
3792,3136,6144.00
11362,9227,6141.00
4101,3392,6139.00
9670,7819,6137.00
715,597,6135.00
11907,9673,6134.20
11906,9673,6134.20
8064,6678,6133.00
3430,2838,6120.00
12561,10215,6120.00
4720,3914,6118.00
2850,2358,6114.00
1713,1413,6113.00
538,447,6108.00
3381,2798,6094.00
691,575,6085.00
690,575,6085.00
2614,2160,6084.00
566,471,6081.00
567,471,6081.00
1803,1488,6080.00
823,686,6070.00
50,42,6070.00
857,715,6063.00
87,73,6061.00
4861,4033,6058.00
3410,2821,6055.00
1027,853,6051.00
1028,853,6051.00
1731,1427,6046.00
5978,4949,6039.80
4397,3646,6037.00
4396,3646,6037.00
2271,1872,6023.00
2270,1872,6023.00
5002,4150,6023.00
3016,2498,6021.00
8502,7045,6015.30
1022,848,6015.00
3355,2778,6013.00
9718,7859,6010.20
9717,7859,6010.20
2565,2121,6007.00
10987,8919,6007.00
10988,8919,6007.00
2160,1783,6003.00
3043,2521,6002.00
2948,2441,5994.00
12464,10131,5983.00
2552,2108,5974.00
9755,7890,5957.00
3067,2541,5957.00
3068,2541,5957.00
2040,1680,5955.00
223,183,5954.00
719,600,5952.00
1387,1153,5951.00
1750,1442,5950.00
1084,900,5950.00
1083,900,5950.00
4659,3865,5947.00
2930,2425,5936.00
8333,6902,5935.00
4458,3697,5932.00
2194,1810,5925.00
8615,7136,5921.00
1186,984,5911.00
12844,10440,5910.00
4586,3805,5908.00
4585,3805,5908.00
1784,1472,5902.00
7914,6555,5900.00
2487,2049,5891.00
1119,929,5884.00
478,396,5882.00
1668,1378,5874.00
3228,2673,5870.00
3736,3088,5866.00
3735,3088,5866.00
144,120,5864.00
4670,3874,5861.00
4671,3874,5861.00
1326,1105,5854.00
3249,2693,5852.00
3250,2693,5852.00
3469,2870,5851.00
3946,3261,5844.00
4398,3647,5842.00
3015,2497,5841.00
4190,3467,5836.00
9569,7733,5836.00
10479,8492,5834.00
10076,8159,5827.00
10077,8159,5827.00
4212,3485,5827.00
1571,1298,5822.00
1694,1399,5814.00
1693,1399,5814.00
11874,9646,5813.50
11875,9646,5813.50
8356,6922,5811.70
13405,10905,5811.00
29,23,5807.00
13556,11027,5803.20
2186,1805,5803.00
12643,10280,5802.30
10963,8899,5801.80
2589,2141,5796.00
6571,5445,5793.00
4049,3348,5787.00
3963,3274,5775.00
630,524,5768.00
1958,1614,5763.00
1957,1614,5763.00
617,514,5760.00
2812,2325,5759.00
1914,1581,5758.00
1915,1581,5758.00
3032,2511,5755.00
3031,2511,5755.00
3501,2897,5751.00
4511,3738,5750.00
707,589,5746.00
4918,4081,5746.00
4034,3337,5743.00
4035,3337,5743.00
1031,856,5737.00
3606,2986,5724.00
1815,1497,5724.00
6077,5033,5720.00
2761,2281,5720.00
4587,3806,5712.00
3464,2866,5711.00
902,752,5707.00
4573,3793,5706.00
2422,1993,5700.30
2563,2119,5688.00
11701,9504,5688.00
546,454,5687.00
2282,1881,5686.00
4191,3468,5685.00
1981,1635,5683.00
673,560,5683.00
1261,1050,5673.00
1260,1050,5673.00
205,169,5671.00
10714,8688,5665.00
1310,1092,5664.00
3882,3209,5659.00
3881,3209,5659.00
3291,2725,5658.00
4417,3664,5658.00
3493,2890,5653.00
4892,4059,5652.00
1334,1113,5646.00
3489,2887,5645.00
1418,1178,5639.00
2596,2146,5630.00
344,284,5629.00
256,213,5625.00
101,85,5623.00
13285,10807,5622.50
4177,3455,5622.50
3764,3112,5619.30
3763,3112,5619.30
10269,8316,5616.20
2290,1887,5608.00
588,489,5608.00
1620,1338,5599.00
1619,1338,5599.00
3499,2895,5598.00
3091,2560,5591.00
993,826,5585.00
339,281,5578.00
340,281,5578.00
3267,2707,5578.00
4711,3906,5577.30
4712,3907,5577.30
4710,3906,5577.30
986,820,5577.00
12890,10478,5575.30
4069,3366,5572.00
4070,3366,5572.00
507,421,5571.00
3607,2987,5569.00
2391,1966,5569.00
936,782,5566.00
935,782,5566.00
2401,1976,5565.00
2025,1669,5562.00
2026,1669,5562.00
671,558,5557.00
3289,2723,5546.00
2889,2393,5545.00
2715,2242,5538.00
1633,1348,5534.00
1634,1348,5534.00
2037,1677,5530.00
578,480,5514.00
3023,2504,5513.00
3998,3306,5513.00
1596,1320,5513.00
4336,3593,5510.00
1823,1504,5506.00
1482,1229,5505.00
1922,1586,5504.00
887,739,5504.00
1921,1586,5504.00
2070,1705,5502.00
4615,3830,5498.00
2570,2124,5494.00
2569,2124,5494.00
3528,2920,5493.00
3075,2547,5492.00
2903,2404,5488.00
2902,2404,5488.00
3300,2734,5486.00
4348,3605,5482.00
787,656,5477.00
4661,3867,5476.00
2434,2004,5472.00
3743,3094,5469.00
3742,3094,5469.00
4689,3890,5467.00
326,270,5462.00
327,270,5462.00
1207,1003,5461.00
1034,858,5456.00
3160,2619,5454.00
2018,1664,5454.00
2413,1986,5451.00
824,687,5442.00
4422,3669,5442.00
544,452,5433.00
7127,5891,5432.30
2108,1737,5432.00
1889,1558,5431.00
2157,1780,5429.00
1331,1110,5427.00
492,407,5425.00
8200,6792,5424.00
12325,10019,5415.00
2496,2057,5414.00
5526,4585,5412.00
5527,4585,5412.00
2769,2288,5411.00
991,824,5406.00
3140,2602,5405.00
3139,2602,5405.00
2394,1969,5403.00
784,653,5397.00
783,653,5397.00
3614,2992,5396.00
6363,5267,5388.50
6349,5256,5388.50
3009,2493,5375.00
3010,2493,5375.00
2878,2383,5370.00
485,401,5369.00
1139,944,5361.00
1138,944,5361.00
229,189,5354.00
526,437,5354.00
527,437,5354.00
1180,979,5354.00
5376,4456,5353.50
5367,4448,5353.50
5364,4447,5353.50
5365,4447,5353.50
5366,4448,5353.50
4699,3897,5350.00
4426,3672,5345.00
2985,2472,5342.00
2984,2472,5342.00
1938,1599,5341.00
4928,4091,5339.00
3047,2525,5337.00
4404,3653,5336.00
3779,3124,5336.00
905,755,5332.00
2978,2467,5332.00
2461,2026,5330.00
13923,11327,5325.00
264,219,5324.00
308,255,5323.00
4368,3621,5319.00
940,786,5318.00
944,789,5316.00
945,789,5316.00
2770,2289,5309.00
3477,2877,5305.00
3193,2647,5303.00
1104,916,5299.00
1103,916,5299.00
4768,3953,5297.70
3292,2726,5297.00
517,429,5286.00
2937,2431,5286.00
698,580,5286.00
3415,2825,5284.00
565,470,5276.00
12095,9828,5274.70
4763,3948,5273.00
2138,1764,5270.00
4433,3678,5269.00
4028,3331,5268.00
898,749,5268.00
3714,3072,5268.00
899,749,5268.00
4027,3331,5268.00
2477,2040,5262.00
2642,2182,5262.00
2476,2040,5262.00
1169,970,5260.00
2796,2310,5259.00
4230,3502,5258.00
1687,1393,5254.00
1686,1393,5254.00
3338,2765,5254.00
525,436,5250.00
524,436,5250.00
313,260,5247.00
314,260,5247.00
1177,976,5244.00
3416,2826,5240.00
3417,2826,5240.00
1208,1004,5237.00
3476,2876,5231.00
4462,3700,5230.00
2467,2032,5229.00
1836,1515,5219.00
1655,1367,5213.00
4217,3489,5210.00
90,76,5208.00
910,760,5206.00
10459,8475,5206.00
13051,10613,5204.20
3231,2676,5197.00
3183,2637,5194.00
2618,2163,5194.00
2983,2471,5192.00
2982,2471,5192.00
3521,2914,5189.00
4583,3803,5188.00
12851,10445,5185.00
3441,2847,5185.00
12850,10445,5185.00
9362,7559,5178.00
4750,3939,5177.00
3813,3153,5176.00
1710,1411,5174.00
974,811,5171.70
973,811,5171.70
1271,1058,5169.00
1049,871,5168.00
582,484,5167.00
7435,6158,5165.20
924,772,5165.00
2197,1813,5162.00
3422,2831,5156.00
1891,1560,5150.00
4056,3354,5148.00
1697,1402,5139.00
1698,1402,5139.00
879,732,5129.00
3128,2592,5129.00
3187,2641,5126.00
4771,3955,5126.00
3090,2559,5123.00
4652,3859,5120.20
694,577,5120.00
3936,3254,5119.00
3937,3254,5119.00
1285,1070,5116.00
138,115,5110.00
4446,3687,5106.00
4447,3687,5106.00
3577,2963,5101.00
2748,2269,5093.00
2747,2269,5093.00
11851,9627,5091.30
706,588,5089.00
814,678,5088.00
2039,1679,5087.00
1654,1366,5084.00
4223,3495,5079.00
12432,10105,5079.00
632,526,5074.00
633,526,5074.00
4313,3575,5070.00
3390,2806,5068.00
3297,2731,5044.00
493,408,5042.00
4731,3923,5037.00
922,771,5030.00
923,771,5030.00
2910,2409,5028.00
1341,1118,5025.00
3733,3086,5022.00
489,404,5013.00
6408,5305,5011.20
4682,3884,5011.00
4681,3884,5011.00
2486,2048,5008.00
627,522,5007.00
628,522,5007.00
3310,2742,5006.00
2174,1794,5002.00
4,3,5001.00
5,3,5001.00
4817,3995,4999.00
4126,3413,4987.00
4127,3413,4987.00
471,390,4977.00
321,266,4975.20
1221,1017,4969.00
1983,1636,4964.00
1982,1636,4964.00
4294,3558,4963.00
4293,3558,4963.00
2887,2391,4959.00
3993,3301,4956.00
2650,2189,4956.00
2651,2189,4956.00
2096,1728,4954.00
1148,952,4946.00
3777,3122,4944.00
3776,3122,4944.00
4562,3784,4943.00
3567,2953,4943.00
7065,5837,4939.00
3506,2901,4936.00
2508,2069,4933.00
2509,2069,4933.00
4580,3800,4928.00
2043,1683,4926.00
2515,2074,4922.00
2704,2232,4916.00
3689,3051,4911.00
4205,3478,4906.00
2489,2051,4898.20
6256,5180,4897.00
6255,5180,4897.00
2329,1919,4887.00
2952,2445,4886.00
6235,5164,4882.00
4098,3389,4882.00
3148,2609,4881.90
3149,2609,4881.90
9,7,4880.00
1754,1446,4877.00
775,646,4876.00
5911,4894,4875.80
3975,3284,4872.00
2999,2484,4870.00
4724,3918,4865.00
8074,6686,4853.80
816,680,4853.00
4383,3634,4851.10
1044,866,4851.00
1108,919,4850.00
3245,2689,4848.00
6936,5735,4845.00
6946,5742,4845.00
1529,1267,4831.00
2142,1767,4829.00
2143,1767,4829.00
4588,3807,4828.00
5189,4309,4825.30
1379,1146,4821.00
1378,1146,4821.00
175,145,4815.00
10555,8558,4806.50
10543,8547,4806.50
613,510,4804.00
130,108,4803.00
5275,4377,4788.30
1795,1482,4788.00
3147,2608,4788.00
2556,2112,4788.00
548,456,4783.10
1988,1640,4783.00
3595,2977,4782.00
815,679,4780.00
1220,1016,4774.00
432,354,4771.00
3115,2581,4769.00
2790,2306,4765.00
4527,3752,4765.00
3213,2661,4764.00
6804,5632,4760.00
6803,5632,4760.00
1613,1332,4755.00
642,533,4746.00
641,533,4746.00
5441,4511,4746.00
1134,940,4738.00
1133,940,4738.00
1266,1054,4736.00
1414,1174,4731.00
2189,1807,4731.00
2038,1678,4730.00
12344,10036,4729.90
2423,1994,4729.00
1520,1259,4725.00
886,738,4723.00
3002,2487,4717.00
4457,3696,4714.00
466,386,4711.00
467,386,4711.00
1880,1550,4708.00
2762,2282,4704.00
713,595,4702.00
3331,2758,4692.00
2067,1702,4689.00
3991,3299,4676.00
2378,1956,4674.00
13924,11328,4674.00
4793,3974,4670.00
1105,917,4669.00
1106,917,4669.00
2260,1863,4668.00
2261,1863,4668.00
1797,1483,4663.00
1796,1483,4663.00
3996,3304,4660.00
2004,1653,4656.00
4187,3464,4654.00
6175,5118,4650.00
3697,3057,4646.00
3146,2607,4640.00
3571,2957,4640.00
3483,2881,4639.00
4473,3710,4633.00
6185,5126,4632.00
6186,5126,4632.00
3685,3048,4631.20
3926,3246,4621.00
2530,2087,4619.90
2555,2111,4619.90
4018,3324,4617.00
4449,3689,4609.90
2081,1716,4607.00
1012,840,4606.00
1013,840,4606.00
3747,3098,4605.00
3303,2736,4604.00
3302,2736,4604.00
1514,1255,4598.00
510,424,4591.00
3306,2739,4587.00
808,673,4586.00
3590,2973,4585.00
3402,2816,4577.00
3403,2816,4577.00
2253,1857,4574.00
2252,1857,4574.00
5774,4784,4572.00
5775,4784,4572.00
3616,2994,4571.00
3196,2650,4563.00
1048,870,4562.00
1118,928,4561.00
1117,928,4561.00
3581,2966,4560.00
4257,3526,4559.00
1851,1527,4557.20
3027,2507,4556.00
2527,2084,4554.00
129,107,4554.00
2782,2298,4550.00
4555,3778,4550.00
8096,6706,4549.00
185,153,4544.00
4188,3465,4543.00
11271,9156,4537.30
4574,3794,4536.00
4543,3767,4536.00
2447,2015,4535.00
2448,2015,4535.00
1753,1445,4524.00
4610,3826,4518.00
941,787,4517.00
3060,2535,4516.00
3061,2535,4516.00
1540,1276,4516.00
1541,1276,4516.00
4450,3690,4514.00
4678,3881,4507.00
4756,3944,4503.00
4757,3944,4503.00
830,692,4503.00
4937,4099,4499.00
4269,3537,4495.00
968,808,4492.00
4455,3694,4492.00
2088,1722,4472.00
77,66,4471.30
535,444,4469.00
1466,1214,4469.00
786,655,4469.00
1081,898,4464.00
2647,2187,4456.00
2648,2187,4456.00
3304,2737,4456.00
4640,3849,4447.00
3811,3151,4444.00
6691,5541,4442.00
1656,1368,4439.00
2716,2243,4437.00
1850,1526,4433.00
2871,2376,4428.00
2777,2294,4426.00
150,125,4422.10
1432,1188,4421.00
231,191,4420.90
4295,3559,4418.00
1612,1331,4416.00
1611,1331,4416.00
4697,3895,4414.00
3019,2501,4411.00
2491,2053,4409.00
2492,2053,4409.00
2817,2329,4400.00
3971,3280,4397.00
2581,2134,4396.00
6511,5395,4393.80
3788,3132,4388.00
1517,1257,4387.00
3177,2632,4383.00
603,501,4382.70
3136,2600,4379.00
4087,3380,4376.00
1554,1284,4375.50
2631,2174,4367.00
2632,2174,4367.00
2480,2043,4366.00
722,603,4361.00
84,71,4359.00
83,71,4359.00
1406,1168,4358.00
1407,1168,4358.00
6616,5481,4358.00
3797,3140,4354.00
3796,3140,4354.00
1496,1240,4353.00
9945,8051,4340.00
9946,8051,4340.00
1256,1047,4339.00
4617,3832,4336.00
4618,3832,4336.00
946,790,4335.80
1462,1211,4335.00
48,40,4334.00
2465,2030,4325.00
4132,3418,4318.00
4133,3418,4318.00
2154,1777,4315.00
2156,1779,4314.00
2597,2147,4306.00
2598,2147,4306.00
4788,3969,4299.00
4469,3706,4298.00
247,205,4297.00
3533,2925,4297.00
486,402,4294.00
61,52,4283.00
2879,2384,4282.00
5203,4320,4280.00
2468,2033,4274.00
2326,1916,4269.00
2440,2009,4263.00
4334,3591,4261.00
4333,3591,4261.00
1011,839,4254.00
164,137,4251.00
8610,7133,4250.00
8611,7133,4250.00
4112,3401,4247.00
3780,3125,4245.00
3143,2605,4245.00
4698,3896,4244.00
8076,6688,4243.00
3741,3093,4238.00
626,521,4234.00
562,468,4234.00
1501,1244,4233.00
4479,3714,4233.00
2328,1918,4231.00
4514,3741,4228.00
4654,3861,4227.00
4655,3861,4227.00
3793,3137,4226.50
208,172,4221.00
209,172,4221.00
1286,1071,4219.50
1241,1034,4219.00
5243,4352,4216.00
2875,2380,4206.00
917,767,4199.00
2438,2008,4198.00
2439,2008,4198.00
7797,6461,4192.50
7796,6461,4192.50
10066,8149,4190.30
434,356,4188.00
3641,3014,4187.00
3640,3014,4187.00
3834,3170,4187.00
3448,2854,4186.00
2724,2250,4182.00
4129,3415,4178.00
3006,2490,4175.00
1875,1546,4173.00
5487,4550,4166.00
470,389,4164.00
1452,1203,4161.00
846,705,4161.00
2811,2324,4151.00
81,70,4150.00
1485,1231,4150.00
82,70,4150.00
1486,1231,4150.00
3255,2697,4149.00
797,665,4149.00
1630,1345,4142.00
1629,1345,4142.00
2420,1992,4140.00
2421,1992,4140.00
60,51,4131.00
1534,1271,4128.00
1734,1430,4127.00
1735,1430,4127.00
3814,3154,4124.00
608,506,4120.00
1819,1500,4119.00
2372,1951,4118.00
1511,1252,4114.70
1970,1625,4113.00
2213,1825,4113.00
262,217,4112.00
294,243,4108.00
66,57,4107.00
274,228,4104.00
2691,2222,4103.80
2688,2219,4103.80
9236,7454,4096.00
1243,1036,4095.00
662,549,4091.00
1216,1012,4090.80
718,599,4085.00
9611,7769,4085.00
717,599,4085.00
1290,1075,4076.00
44,36,4069.00
1729,1425,4069.00
410,336,4067.00
1782,1470,4060.00
13172,10711,4058.00
33,27,4054.00
1879,1549,4052.00
4316,3578,4051.00
5684,4715,4049.00
4303,3566,4049.00
293,242,4039.00
335,278,4038.00
22,17,4032.00
23,17,4032.00
2170,1790,4031.00
10287,8330,4027.00
10288,8330,4027.00
4534,3758,4009.00
3534,2926,4008.00
3927,3247,4006.00
3036,2514,4001.00
3287,2721,3996.00
3286,2721,3996.00
3781,3126,3992.00
2994,2479,3991.00
189,157,3991.00
1154,958,3990.00
1155,958,3990.00
515,428,3987.00
516,428,3987.00
1472,1219,3986.00
2752,2272,3986.00
3513,2907,3983.00
2355,1939,3983.00
3514,2907,3983.00
1852,1528,3981.00
4556,3779,3981.00
3321,2750,3979.00
4090,3382,3975.80
156,130,3969.00
2771,2290,3965.00
3142,2604,3965.00
2772,2290,3965.00
3048,2526,3964.00
1332,1111,3962.00
3701,3060,3960.00
3899,3224,3958.00
3368,2789,3956.00
2667,2204,3954.00
2668,2204,3954.00
8,6,3954.00
2249,1854,3948.00
1397,1161,3947.00
1057,878,3943.00
3708,3067,3934.00
3709,3067,3934.00
1036,859,3930.00
1035,859,3930.00
2670,2206,3930.00
3216,2664,3928.00
1219,1015,3925.00
1576,1302,3924.00
1575,1302,3924.00
3253,2695,3923.00
2820,2332,3919.00
863,720,3916.00
2884,2389,3912.00
4522,3749,3904.00
4523,3749,3904.00
3017,2499,3903.00
2283,1882,3903.00
402,329,3902.00
9933,8041,3900.50
3188,2642,3899.00
2030,1672,3898.00
912,762,3895.00
2827,2339,3893.00
4347,3604,3893.00
41,33,3892.00
186,154,3891.00
2825,2337,3890.00
3922,3243,3886.00
3923,3243,3886.00
3020,2502,3885.00
4820,3998,3883.00
7366,6097,3883.00
3925,3245,3878.00
3710,3068,3878.00
3215,2663,3877.00
2442,2010,3876.00
2441,2010,3876.00
2708,2236,3873.70
1135,941,3871.00
1422,1181,3870.00
1423,1181,3870.00
4749,3938,3869.00
2849,2357,3869.00
1536,1273,3863.00
3202,2654,3861.00
2337,1925,3860.00
2336,1925,3860.00
1170,971,3860.00
1087,902,3855.00
3161,2620,3855.00
1086,902,3855.00
3005,2489,3854.00
3486,2884,3854.00
1257,1048,3852.00
1258,1048,3852.00
2175,1795,3850.00
854,712,3847.20
822,685,3847.20
3904,3228,3847.00
357,293,3847.00
3905,3228,3847.00
356,293,3847.00
2444,2012,3844.00
1288,1073,3843.00
3234,2679,3842.00
2881,2386,3839.00
1182,981,3838.00
2615,2161,3838.00
1054,875,3837.00
4308,3570,3836.00
697,579,3836.00
4510,3737,3834.00
2967,2457,3834.00
3243,2687,3830.00
3470,2871,3829.00
2113,1742,3827.00
2786,2302,3827.00
3316,2747,3826.00
3317,2747,3826.00
1479,1226,3826.00
2773,2291,3825.00
2774,2291,3825.00
495,410,3825.00
455,375,3824.00
176,146,3823.00
4233,3505,3823.00
3065,2539,3823.00
1712,1412,3819.00
1711,1412,3819.00
9702,7844,3816.00
1709,1410,3816.00
13260,10788,3813.70
1635,1349,3813.00
1636,1349,3813.00
1954,1611,3806.00
2032,1674,3804.00
2033,1674,3804.00
2348,1933,3804.00
3367,2788,3803.00
3366,2788,3803.00
643,534,3801.00
1161,963,3799.00
655,544,3798.20
11083,8998,3798.10
1497,1241,3796.00
1055,876,3796.00
1498,1241,3796.00
4138,3423,3795.00
4123,3410,3794.00
4122,3410,3794.00
3233,2678,3793.00
428,350,3791.00
1274,1061,3790.00
3858,3192,3790.00
3859,3192,3790.00
9555,7721,3788.30
3802,3144,3786.00
3322,2751,3783.00
3631,3006,3783.00
3630,3006,3783.00
742,618,3782.00
856,714,3782.00
4361,3615,3781.00
1835,1514,3781.00
1834,1514,3781.00
2977,2466,3770.00
3327,2755,3767.00
4319,3580,3765.00
4318,3580,3765.00
2254,1858,3764.00
6798,5628,3757.00
13690,11138,3744.70
13694,11141,3744.70
1495,1239,3744.00
3008,2492,3741.00
311,258,3737.00
1874,1545,3737.00
620,516,3736.00
619,516,3736.00
3498,2894,3735.80
3868,3199,3735.00
128,106,3735.00
1760,1451,3734.00
2387,1962,3733.00
2408,1982,3732.00
2707,2235,3730.00
1812,1495,3729.00
1813,1495,3729.00
197,163,3728.00
2131,1759,3722.00
2132,1759,3722.00
3699,3059,3720.00
3700,3059,3720.00
1307,1089,3718.00
4105,3395,3712.00
4674,3877,3711.00
3855,3189,3702.80
3829,3166,3702.80
1854,1530,3700.00
1041,864,3699.00
3721,3077,3698.00
6764,5602,3697.80
2892,2395,3696.00
3125,2589,3694.00
2547,2103,3693.00
2395,1970,3690.00
3064,2538,3689.00
1717,1416,3688.00
2432,2002,3688.00
2218,1829,3684.00
2219,1829,3684.00
3583,2968,3678.00
3584,2968,3678.00
4664,3870,3673.00
3966,3276,3668.00
3965,3276,3668.00
2107,1736,3666.00
1818,1499,3666.00
2106,1736,3666.00
1817,1499,3666.00
692,576,3662.00
693,576,3662.00
4051,3350,3661.00
4052,3350,3661.00
1396,1160,3658.00
373,306,3657.00
1130,938,3653.00
2246,1851,3649.00
5580,4631,3647.00
5579,4631,3647.00
280,232,3643.00
4781,3963,3642.00
2474,2038,3642.00
3762,3111,3641.00
7576,6273,3639.50
753,626,3639.00
752,626,3639.00
1906,1573,3638.00
4799,3980,3631.00
4800,3980,3631.00
2976,2465,3630.00
19,14,3629.00
1056,877,3628.00
3349,2774,3628.00
1956,1613,3628.00
10528,8533,3626.00
3214,2662,3625.00
1997,1647,3623.00
13588,11053,3619.10
2703,2231,3612.00
1502,1245,3611.00
1725,1423,3607.00
1726,1423,3607.00
927,775,3607.00
1642,1355,3606.00
2750,2270,3604.00
2749,2270,3604.00
3348,2773,3603.00
596,496,3602.00
1577,1303,3601.00
2574,2128,3601.00
3554,2944,3599.00
3555,2944,3599.00
4222,3494,3599.00
2520,2078,3598.00
1991,1642,3597.00
7814,6472,3597.00
1976,1630,3595.00
2318,1908,3594.00
3972,3281,3594.00
15,12,3592.00
16,12,3592.00
1547,1279,3587.00
1546,1279,3587.00
4282,3548,3586.00
4590,3809,3586.00
11208,9104,3585.20
11304,9179,3583.70
232,192,3583.00
6034,4995,3583.00
855,713,3581.00
1565,1294,3581.00
882,735,3576.00
1781,1469,3574.00
1994,1644,3573.00
1993,1644,3573.00
3844,3179,3571.00
2330,1920,3570.00
10492,8505,3570.00
3770,3117,3570.00
1460,1209,3568.00
3260,2702,3566.00
3261,2702,3566.00
3536,2928,3566.00
431,353,3566.00
9914,8026,3563.00
1323,1102,3559.00
3589,2972,3554.80
3588,2971,3554.80
553,460,3554.00
552,460,3554.00
2068,1703,3554.00
1176,975,3550.00
1175,975,3550.00
437,359,3544.00
408,334,3542.00
3434,2841,3536.00
3433,2841,3536.00
2533,2090,3532.00
2779,2296,3531.00
2780,2296,3531.00
1191,987,3528.00
405,331,3528.00
1190,987,3528.00
3385,2801,3524.00
3552,2942,3523.00
4725,3919,3521.00
4726,3919,3521.00
1287,1072,3520.00
4572,3792,3518.00
2577,2131,3517.00
3071,2544,3514.00
938,784,3510.00
558,464,3509.00
385,315,3509.00
678,565,3509.00
1150,954,3505.00
9798,7926,3505.00
269,224,3503.00
4509,3736,3500.00
4508,3736,3500.00
4436,3680,3500.00
4016,3323,3498.00
3339,2766,3498.00
4017,3323,3498.00
3597,2979,3494.00
3463,2865,3493.00
1593,1317,3493.00
1592,1317,3493.00
1315,1096,3488.00
207,171,3486.00
1564,1293,3484.00
928,776,3483.00
4337,3594,3483.00
1265,1053,3482.00
2064,1699,3482.00
3131,2595,3481.00
2837,2347,3477.00
2836,2347,3477.00
2462,2027,3476.00
1388,1154,3475.00
1121,931,3474.00
2242,1848,3473.00
2243,1848,3473.00
3488,2886,3472.00
1789,1476,3467.00
3961,3272,3465.00
350,288,3464.00
1003,833,3462.00
4317,3579,3460.00
2791,2307,3459.00
196,162,3458.00
195,162,3458.00
4093,3385,3454.00
894,746,3452.00
398,326,3448.00
2367,1947,3448.00
2366,1947,3448.00
4309,3571,3446.00
1842,1519,3443.00
267,222,3440.90
4248,3518,3438.00
2155,1778,3432.00
1689,1395,3432.00
779,649,3430.10
1793,1480,3425.20
1950,1608,3425.00
2655,2193,3424.00
1293,1078,3423.00
1294,1078,3423.00
2002,1652,3422.00
2813,2326,3422.00
2003,1652,3422.00
11359,9225,3421.50
11337,9208,3421.50
11360,9225,3421.50
1601,1324,3421.00
1602,1324,3421.00
4015,3322,3421.00
191,158,3420.00
190,158,3420.00
184,152,3419.00
183,152,3419.00
155,129,3417.00
154,129,3417.00
1771,1460,3417.00
2882,2387,3414.00
4258,3527,3414.00
2628,2172,3413.00
5727,4746,3413.00
2629,2172,3413.00
2911,2410,3410.00
3849,3184,3410.00
2912,2410,3410.00
3059,2534,3410.00
1193,989,3409.00
746,621,3409.00
745,621,3409.00
4380,3631,3407.00
3337,2764,3406.00
597,497,3405.00
3827,3164,3404.00
3826,3164,3404.00
3610,2989,3395.00
2798,2312,3392.00
3275,2713,3387.00
3274,2713,3387.00
3248,2692,3386.00
3569,2955,3386.00
1966,1622,3385.00
4747,3937,3385.00
4748,3937,3385.00
270,225,3385.00
271,225,3385.00
2874,2379,3381.00
3069,2542,3380.00
574,477,3377.00
1912,1579,3377.00
3712,3070,3374.00
89,75,3369.00
4695,3894,3366.00
4696,3894,3366.00
4442,3684,3365.00
4644,3852,3364.00
6,4,3363.00
4232,3504,3360.00
4335,3592,3360.00
3724,3080,3359.00
4388,3639,3358.00
3133,2597,3355.00
4037,3339,3354.00
3654,3025,3354.00
622,518,3353.00
1946,1605,3353.00
4297,3560,3350.00
1335,1114,3350.00
4296,3560,3350.00
1336,1114,3350.00
3109,2577,3347.00
4189,3466,3346.00
637,529,3344.00
1984,1637,3343.00
829,691,3342.00
844,704,3338.00
845,704,3338.00
2324,1914,3335.00
960,801,3332.00
1563,1292,3331.00
793,662,3330.00
794,662,3330.00
769,641,3330.00
439,361,3329.00
4736,3927,3326.00
4376,3628,3323.00
4431,3676,3319.00
1597,1321,3319.00
2116,1744,3317.00
6367,5270,3317.00
1308,1090,3317.00
3598,2980,3316.00
3599,2980,3316.00
2053,1690,3311.00
4414,3661,3310.00
3361,2784,3307.00
318,264,3307.00
3466,2868,3306.00
1063,882,3306.00
656,545,3306.00
3467,2868,3306.00
1062,882,3306.00
1721,1419,3305.00
1720,1419,3305.00
1934,1596,3303.00
2767,2286,3301.00
3127,2591,3301.00
2766,2286,3301.00
4023,3328,3300.00
4022,3328,3300.00
2292,1889,3298.00
1581,1307,3297.00
3832,3168,3292.00
1066,885,3292.00
3831,3168,3292.00
13931,11333,3286.70
2069,1704,3285.00
1566,1295,3282.00
