1993,1,12,A,1,38148.00,38148.00,38148.00,38148.000000
1993,1,60,A,1,274740.00,274740.00,274740.00,274740.000000
1993,11,12,A,1,86616.00,86616.00,86616.00,86616.000000
1993,12,36,A,1,105804.00,105804.00,105804.00,105804.000000
1993,13,24,A,1,87840.00,87840.00,87840.00,87840.000000
1993,14,24,A,1,117024.00,117024.00,117024.00,117024.000000
1993,15,12,A,1,52788.00,52788.00,52788.00,52788.000000
1993,18,48,A,1,154416.00,154416.00,154416.00,154416.000000
1993,24,24,B,1,174744.00,174744.00,174744.00,174744.000000
1993,30,12,B,1,96396.00,96396.00,96396.00,96396.000000
1993,44,24,A,1,79608.00,79608.00,79608.00,79608.000000
1993,45,60,A,1,127080.00,127080.00,127080.00,127080.000000
1993,46,36,A,1,165960.00,165960.00,165960.00,165960.000000
1993,49,36,A,1,95400.00,95400.00,95400.00,95400.000000
1993,54,24,B,1,75624.00,75624.00,75624.00,75624.000000
1993,55,36,A,1,21924.00,21924.00,21924.00,21924.000000
1993,6,60,B,1,464520.00,464520.00,464520.00,464520.000000
1993,63,36,A,1,93888.00,93888.00,93888.00,93888.000000
1993,64,12,A,1,47016.00,47016.00,47016.00,47016.000000
1993,68,60,A,1,259740.00,259740.00,259740.00,259740.000000
1994,1,12,A,4,78936.00,24516.00,174276.00,43569.000000
1994,1,24,A,4,91584.00,11736.00,265224.00,66306.000000
1994,1,36,A,5,140400.00,48672.00,549396.00,109879.200000
1994,1,36,B,1,215388.00,215388.00,215388.00,215388.000000
1994,1,48,A,3,323472.00,61056.00,592848.00,197616.000000
1994,1,60,C,1,288360.00,288360.00,288360.00,288360.000000
1994,1,60,D,2,482940.00,252060.00,735000.00,367500.000000
1994,10,48,A,1,172080.00,172080.00,172080.00,172080.000000
1994,10,60,C,1,272520.00,272520.00,272520.00,272520.000000
1994,11,12,A,1,80340.00,80340.00,80340.00,80340.000000
1994,11,48,A,2,149040.00,69360.00,218400.00,109200.000000
1994,11,60,C,1,50460.00,50460.00,50460.00,50460.000000
1994,12,12,B,1,76908.00,76908.00,76908.00,76908.000000
1994,12,24,A,1,143904.00,143904.00,143904.00,143904.000000
1994,15,48,B,1,87216.00,87216.00,87216.00,87216.000000
1994,16,12,A,1,24312.00,24312.00,24312.00,24312.000000
1994,16,24,A,1,170256.00,170256.00,170256.00,170256.000000
1994,19,24,A,1,111384.00,111384.00,111384.00,111384.000000
1994,20,12,A,1,97632.00,97632.00,97632.00,97632.000000
1994,20,24,B,1,192552.00,192552.00,192552.00,192552.000000
1994,23,12,A,1,74688.00,74688.00,74688.00,74688.000000
1994,23,48,A,1,196080.00,196080.00,196080.00,196080.000000
1994,24,12,B,1,49320.00,49320.00,49320.00,49320.000000
1994,27,36,A,1,300204.00,300204.00,300204.00,300204.000000
1994,29,24,A,1,51408.00,51408.00,51408.00,51408.000000
1994,30,24,A,1,52128.00,52128.00,52128.00,52128.000000
1994,31,12,A,1,36684.00,36684.00,36684.00,36684.000000
1994,31,36,A,1,224604.00,224604.00,224604.00,224604.000000
1994,31,36,B,1,164052.00,164052.00,164052.00,164052.000000
1994,32,12,A,1,87816.00,87816.00,87816.00,87816.000000
1994,34,24,B,1,174744.00,174744.00,174744.00,174744.000000
1994,38,12,A,1,23628.00,23628.00,23628.00,23628.000000
1994,38,24,A,1,87360.00,87360.00,87360.00,87360.000000
1994,38,36,A,1,212400.00,212400.00,212400.00,212400.000000
1994,39,24,A,1,91200.00,91200.00,91200.00,91200.000000
1994,4,24,A,1,21072.00,21072.00,21072.00,21072.000000
1994,4,48,A,1,63312.00,63312.00,63312.00,63312.000000
1994,40,60,C,2,300660.00,239460.00,540120.00,270060.000000
1994,41,24,A,1,25944.00,25944.00,25944.00,25944.000000
1994,44,12,A,1,77640.00,77640.00,77640.00,77640.000000
1994,44,60,C,1,149340.00,149340.00,149340.00,149340.000000
1994,45,36,A,2,115992.00,74736.00,190728.00,95364.000000
1994,47,60,C,1,189300.00,189300.00,189300.00,189300.000000
1994,48,24,A,1,7656.00,7656.00,7656.00,7656.000000
1994,5,60,C,1,199680.00,199680.00,199680.00,199680.000000
1994,50,24,A,1,141240.00,141240.00,141240.00,141240.000000
1994,50,36,A,1,197748.00,197748.00,197748.00,197748.000000
1994,52,48,A,1,209184.00,209184.00,209184.00,209184.000000
1994,54,12,A,2,65184.00,23052.00,88236.00,44118.000000
1994,54,48,B,1,208128.00,208128.00,208128.00,208128.000000
1994,54,60,C,1,100980.00,100980.00,100980.00,100980.000000
1994,55,12,A,2,71460.00,14628.00,86088.00,43044.000000
1994,55,24,A,1,121896.00,121896.00,121896.00,121896.000000
1994,56,36,B,1,276660.00,276660.00,276660.00,276660.000000
1994,56,48,A,1,123696.00,123696.00,123696.00,123696.000000
1994,56,60,C,1,244560.00,244560.00,244560.00,244560.000000
1994,57,36,A,1,205200.00,205200.00,205200.00,205200.000000
1994,60,12,A,1,82896.00,82896.00,82896.00,82896.000000
1994,60,24,B,1,189696.00,189696.00,189696.00,189696.000000
1994,60,36,A,1,192744.00,192744.00,192744.00,192744.000000
1994,62,60,C,1,167100.00,167100.00,167100.00,167100.000000
1994,63,12,A,1,4980.00,4980.00,4980.00,4980.000000
1994,64,24,A,1,55368.00,55368.00,55368.00,55368.000000
1994,64,36,A,1,227880.00,227880.00,227880.00,227880.000000
1994,65,24,A,1,98184.00,98184.00,98184.00,98184.000000
1994,66,12,A,1,104808.00,104808.00,104808.00,104808.000000
1994,66,24,A,2,151560.00,79632.00,231192.00,115596.000000
1994,67,12,A,1,45768.00,45768.00,45768.00,45768.000000
1994,67,36,B,1,299088.00,299088.00,299088.00,299088.000000
1994,68,12,A,1,41904.00,41904.00,41904.00,41904.000000
1994,68,60,C,1,253200.00,253200.00,253200.00,253200.000000
1994,7,12,A,1,91632.00,91632.00,91632.00,91632.000000
1994,70,12,A,1,83016.00,83016.00,83016.00,83016.000000
1994,72,36,A,1,193968.00,193968.00,193968.00,193968.000000
1994,74,12,A,1,17508.00,17508.00,17508.00,17508.000000
1994,74,24,A,2,59760.00,51696.00,111456.00,55728.000000
1994,74,36,B,1,230220.00,230220.00,230220.00,230220.000000
1994,74,60,C,1,398640.00,398640.00,398640.00,398640.000000
1994,75,36,A,1,182628.00,182628.00,182628.00,182628.000000
1994,77,24,A,1,173808.00,173808.00,173808.00,173808.000000
1994,77,60,C,1,89040.00,89040.00,89040.00,89040.000000
1995,1,12,A,4,76380.00,18564.00,167508.00,41877.000000
1995,1,24,A,3,76416.00,31176.00,139320.00,46440.000000
1995,1,24,B,1,168984.00,168984.00,168984.00,168984.000000
1995,1,36,A,1,231696.00,231696.00,231696.00,231696.000000
1995,1,36,B,1,270648.00,270648.00,270648.00,270648.000000
1995,1,60,C,2,419880.00,125340.00,545220.00,272610.000000
1995,1,60,D,1,316140.00,316140.00,316140.00,316140.000000
1995,10,24,A,1,98592.00,98592.00,98592.00,98592.000000
1995,11,24,A,1,126600.00,126600.00,126600.00,126600.000000
1995,11,24,B,1,137904.00,137904.00,137904.00,137904.000000
1995,11,36,A,1,260028.00,260028.00,260028.00,260028.000000
1995,12,60,C,1,331560.00,331560.00,331560.00,331560.000000
1995,15,12,A,1,21396.00,21396.00,21396.00,21396.000000
1995,16,36,B,1,60156.00,60156.00,60156.00,60156.000000
1995,19,24,A,1,45336.00,45336.00,45336.00,45336.000000
1995,19,36,A,1,265320.00,265320.00,265320.00,265320.000000
1995,19,60,C,1,182040.00,182040.00,182040.00,182040.000000
1995,2,24,A,1,107640.00,107640.00,107640.00,107640.000000
1995,2,60,C,1,85860.00,85860.00,85860.00,85860.000000
1995,20,60,C,1,266220.00,266220.00,266220.00,266220.000000
1995,21,60,C,1,191880.00,191880.00,191880.00,191880.000000
1995,24,12,A,1,95808.00,95808.00,95808.00,95808.000000
1995,24,24,A,1,97224.00,97224.00,97224.00,97224.000000
1995,25,48,D,1,99696.00,99696.00,99696.00,99696.000000
1995,26,24,A,1,29784.00,29784.00,29784.00,29784.000000
1995,26,60,C,1,79920.00,79920.00,79920.00,79920.000000
1995,28,36,A,2,248148.00,156672.00,404820.00,202410.000000
1995,29,48,C,1,347952.00,347952.00,347952.00,347952.000000
1995,29,60,C,1,417060.00,417060.00,417060.00,417060.000000
1995,31,24,A,2,104712.00,92976.00,197688.00,98844.000000
1995,34,36,A,1,21852.00,21852.00,21852.00,21852.000000
1995,34,48,C,1,185952.00,185952.00,185952.00,185952.000000
1995,38,36,A,1,71064.00,71064.00,71064.00,71064.000000
1995,38,48,C,1,20832.00,20832.00,20832.00,20832.000000
1995,39,36,A,1,73836.00,73836.00,73836.00,73836.000000
1995,39,48,C,1,73056.00,73056.00,73056.00,73056.000000
1995,4,60,C,1,189060.00,189060.00,189060.00,189060.000000
1995,40,12,A,1,15420.00,15420.00,15420.00,15420.000000
1995,41,24,A,1,198240.00,198240.00,198240.00,198240.000000
1995,42,60,D,1,103680.00,103680.00,103680.00,103680.000000
1995,43,12,A,1,41952.00,41952.00,41952.00,41952.000000
1995,44,60,C,1,314520.00,314520.00,314520.00,314520.000000
1995,45,60,C,1,204000.00,204000.00,204000.00,204000.000000
1995,47,24,A,1,28248.00,28248.00,28248.00,28248.000000
1995,48,60,C,1,158760.00,158760.00,158760.00,158760.000000
1995,48,60,D,1,137880.00,137880.00,137880.00,137880.000000
1995,49,60,C,1,63360.00,63360.00,63360.00,63360.000000
1995,5,60,C,2,538500.00,285600.00,824100.00,412050.000000
1995,52,12,A,1,27984.00,27984.00,27984.00,27984.000000
1995,52,24,A,1,48624.00,48624.00,48624.00,48624.000000
1995,52,48,C,1,158976.00,158976.00,158976.00,158976.000000
1995,54,36,A,1,113796.00,113796.00,113796.00,113796.000000
1995,61,12,A,1,43164.00,43164.00,43164.00,43164.000000
1995,61,24,A,1,139536.00,139536.00,139536.00,139536.000000
1995,61,60,C,1,225420.00,225420.00,225420.00,225420.000000
1995,62,12,A,1,37908.00,37908.00,37908.00,37908.000000
1995,62,48,C,1,87216.00,87216.00,87216.00,87216.000000
1995,63,36,A,1,288468.00,288468.00,288468.00,288468.000000
1995,64,24,A,1,47304.00,47304.00,47304.00,47304.000000
1995,64,48,C,2,188688.00,33984.00,222672.00,111336.000000
1995,65,24,B,1,187224.00,187224.00,187224.00,187224.000000
1995,65,48,C,1,244368.00,244368.00,244368.00,244368.000000
1995,66,48,C,1,465072.00,465072.00,465072.00,465072.000000
1995,68,12,B,1,68400.00,68400.00,68400.00,68400.000000
1995,68,24,A,2,99336.00,76680.00,176016.00,88008.000000
1995,70,24,A,1,134784.00,134784.00,134784.00,134784.000000
1995,71,48,D,1,177744.00,177744.00,177744.00,177744.000000
1995,72,36,A,1,217152.00,217152.00,217152.00,217152.000000
1995,72,48,C,2,309600.00,309552.00,619152.00,309576.000000
1995,72,60,C,1,60000.00,60000.00,60000.00,60000.000000
1995,74,24,A,1,104712.00,104712.00,104712.00,104712.000000
1995,74,48,C,3,232560.00,194880.00,648720.00,216240.000000
1995,74,48,D,1,151728.00,151728.00,151728.00,151728.000000
1995,75,12,A,1,68112.00,68112.00,68112.00,68112.000000
1995,9,12,A,1,20220.00,20220.00,20220.00,20220.000000
1995,9,24,A,1,44088.00,44088.00,44088.00,44088.000000
1996,1,12,A,1,101520.00,101520.00,101520.00,101520.000000
1996,1,24,A,1,110136.00,110136.00,110136.00,110136.000000
1996,1,36,C,6,258444.00,20196.00,724392.00,120732.000000
1996,1,48,C,2,247728.00,70656.00,318384.00,159192.000000
1996,1,48,D,1,320976.00,320976.00,320976.00,320976.000000
1996,10,48,C,1,155616.00,155616.00,155616.00,155616.000000
1996,12,36,C,1,74124.00,74124.00,74124.00,74124.000000
1996,12,60,C,1,392460.00,392460.00,392460.00,392460.000000
1996,13,12,A,1,44628.00,44628.00,44628.00,44628.000000
1996,13,24,B,1,61656.00,61656.00,61656.00,61656.000000
1996,13,60,C,1,262980.00,262980.00,262980.00,262980.000000
1996,14,36,C,1,173016.00,173016.00,173016.00,173016.000000
1996,14,48,C,1,421008.00,421008.00,421008.00,421008.000000
1996,14,60,C,1,321180.00,321180.00,321180.00,321180.000000
1996,15,12,A,1,44376.00,44376.00,44376.00,44376.000000
1996,16,24,A,1,165960.00,165960.00,165960.00,165960.000000
1996,16,36,C,2,115812.00,22968.00,138780.00,69390.000000
1996,17,36,C,1,85716.00,85716.00,85716.00,85716.000000
1996,19,24,A,1,189696.00,189696.00,189696.00,189696.000000
1996,19,60,C,1,396120.00,396120.00,396120.00,396120.000000
1996,20,36,D,1,128988.00,128988.00,128988.00,128988.000000
1996,20,60,C,1,220620.00,220620.00,220620.00,220620.000000
1996,21,12,B,2,30276.00,30276.00,60552.00,30276.000000
1996,24,24,A,1,15192.00,15192.00,15192.00,15192.000000
1996,24,36,C,1,19044.00,19044.00,19044.00,19044.000000
1996,26,48,C,1,249312.00,249312.00,249312.00,249312.000000
1996,27,48,C,1,64656.00,64656.00,64656.00,64656.000000
1996,28,60,C,1,30060.00,30060.00,30060.00,30060.000000
1996,29,60,D,1,222180.00,222180.00,222180.00,222180.000000
1996,3,48,C,1,270384.00,270384.00,270384.00,270384.000000
1996,31,12,A,1,61560.00,61560.00,61560.00,61560.000000
1996,31,24,B,1,72408.00,72408.00,72408.00,72408.000000
1996,31,36,C,1,202788.00,202788.00,202788.00,202788.000000
1996,32,24,A,1,91152.00,91152.00,91152.00,91152.000000
1996,32,36,C,1,162468.00,162468.00,162468.00,162468.000000
1996,33,24,A,1,46320.00,46320.00,46320.00,46320.000000
1996,37,24,A,2,155880.00,68544.00,224424.00,112212.000000
1996,37,60,C,1,284280.00,284280.00,284280.00,284280.000000
1996,38,36,C,2,176148.00,96768.00,272916.00,136458.000000
1996,38,48,C,1,123216.00,123216.00,123216.00,123216.000000
1996,39,24,A,1,123408.00,123408.00,123408.00,123408.000000
1996,4,60,C,1,402000.00,402000.00,402000.00,402000.000000
1996,40,12,A,1,88440.00,88440.00,88440.00,88440.000000
1996,40,48,C,1,186384.00,186384.00,186384.00,186384.000000
1996,42,48,C,1,98832.00,98832.00,98832.00,98832.000000
1996,43,48,C,1,32640.00,32640.00,32640.00,32640.000000
1996,43,60,C,1,359760.00,359760.00,359760.00,359760.000000
1996,44,36,D,1,277884.00,277884.00,277884.00,277884.000000
1996,47,36,C,1,213300.00,213300.00,213300.00,213300.000000
1996,47,48,C,1,174048.00,174048.00,174048.00,174048.000000
1996,48,60,C,1,181020.00,181020.00,181020.00,181020.000000
1996,5,24,A,1,155640.00,155640.00,155640.00,155640.000000
1996,50,48,C,1,135360.00,135360.00,135360.00,135360.000000
1996,51,60,C,1,165120.00,165120.00,165120.00,165120.000000
1996,52,12,A,1,72120.00,72120.00,72120.00,72120.000000
1996,52,24,A,1,141648.00,141648.00,141648.00,141648.000000
1996,52,48,C,1,133968.00,133968.00,133968.00,133968.000000
1996,52,60,D,1,290700.00,290700.00,290700.00,290700.000000
1996,53,24,A,1,110112.00,110112.00,110112.00,110112.000000
1996,54,12,A,1,11400.00,11400.00,11400.00,11400.000000
1996,54,48,C,1,179328.00,179328.00,179328.00,179328.000000
1996,54,60,C,1,56100.00,56100.00,56100.00,56100.000000
1996,55,60,C,1,417600.00,417600.00,417600.00,417600.000000
1996,58,48,C,1,20352.00,20352.00,20352.00,20352.000000
1996,59,36,D,1,253512.00,253512.00,253512.00,253512.000000
1996,59,60,C,1,148920.00,148920.00,148920.00,148920.000000
1996,60,36,C,1,54396.00,54396.00,54396.00,54396.000000
1996,60,60,C,2,89340.00,89340.00,178680.00,89340.000000
1996,61,12,A,1,54024.00,54024.00,54024.00,54024.000000
1996,62,36,C,1,192744.00,192744.00,192744.00,192744.000000
1996,62,48,C,3,320592.00,46176.00,549408.00,183136.000000
1996,64,12,A,1,96168.00,96168.00,96168.00,96168.000000
1996,64,48,C,3,444864.00,85632.00,890496.00,296832.000000
1996,64,60,C,2,372120.00,276300.00,648420.00,324210.000000
1996,65,36,C,1,113544.00,113544.00,113544.00,113544.000000
1996,65,48,C,1,200976.00,200976.00,200976.00,200976.000000
1996,66,60,C,1,368880.00,368880.00,368880.00,368880.000000
1996,67,24,A,1,129408.00,129408.00,129408.00,129408.000000
1996,68,36,C,1,141948.00,141948.00,141948.00,141948.000000
1996,69,24,A,1,84120.00,84120.00,84120.00,84120.000000
1996,69,48,D,2,388512.00,215616.00,604128.00,302064.000000
1996,7,12,A,1,63252.00,63252.00,63252.00,63252.000000
1996,70,12,A,2,86184.00,86184.00,172368.00,86184.000000
1996,70,24,A,1,89880.00,89880.00,89880.00,89880.000000
1996,70,48,C,1,45024.00,45024.00,45024.00,45024.000000
1996,70,48,D,1,100224.00,100224.00,100224.00,100224.000000
1996,70,60,C,2,123600.00,49440.00,173040.00,86520.000000
1996,71,48,C,1,154656.00,154656.00,154656.00,154656.000000
1996,72,12,B,1,29448.00,29448.00,29448.00,29448.000000
1996,72,24,A,1,187104.00,187104.00,187104.00,187104.000000
1996,72,36,C,1,161496.00,161496.00,161496.00,161496.000000
1996,72,48,C,1,155616.00,155616.00,155616.00,155616.000000
1996,73,24,B,1,66480.00,66480.00,66480.00,66480.000000
1996,73,36,D,1,139464.00,139464.00,139464.00,139464.000000
1996,74,60,C,1,380160.00,380160.00,380160.00,380160.000000
1996,77,36,C,1,48744.00,48744.00,48744.00,48744.000000
1996,8,36,C,1,194940.00,194940.00,194940.00,194940.000000
1996,9,24,A,1,93600.00,93600.00,93600.00,93600.000000
1997,1,12,A,6,89280.00,17184.00,340728.00,56788.000000
1997,1,24,C,4,197808.00,44952.00,437184.00,109296.000000
1997,1,36,C,1,165168.00,165168.00,165168.00,165168.000000
1997,1,48,C,2,271584.00,88272.00,359856.00,179928.000000
1997,1,60,C,5,415800.00,100260.00,1378980.00,275796.000000
1997,11,24,C,1,59448.00,59448.00,59448.00,59448.000000
1997,11,48,C,1,164256.00,164256.00,164256.00,164256.000000
1997,13,12,A,1,79824.00,79824.00,79824.00,79824.000000
1997,13,36,C,1,148140.00,148140.00,148140.00,148140.000000
1997,14,48,C,1,232560.00,232560.00,232560.00,232560.000000
1997,14,48,D,1,333648.00,333648.00,333648.00,333648.000000
1997,15,24,C,1,66840.00,66840.00,66840.00,66840.000000
1997,16,12,A,1,98304.00,98304.00,98304.00,98304.000000
1997,16,48,C,1,130464.00,130464.00,130464.00,130464.000000
1997,17,12,A,1,91632.00,91632.00,91632.00,91632.000000
1997,18,48,C,1,159744.00,159744.00,159744.00,159744.000000
1997,19,12,A,1,53076.00,53076.00,53076.00,53076.000000
1997,19,48,C,1,177504.00,177504.00,177504.00,177504.000000
1997,2,36,C,1,77544.00,77544.00,77544.00,77544.000000
1997,21,12,A,2,116832.00,86880.00,203712.00,101856.000000
1997,22,36,D,1,260640.00,260640.00,260640.00,260640.000000
1997,23,48,C,2,88704.00,79344.00,168048.00,84024.000000
1997,24,24,C,1,72504.00,72504.00,72504.00,72504.000000
1997,25,60,C,1,18720.00,18720.00,18720.00,18720.000000
1997,26,24,C,1,66432.00,66432.00,66432.00,66432.000000
1997,26,48,C,1,59136.00,59136.00,59136.00,59136.000000
1997,26,60,D,1,272220.00,272220.00,272220.00,272220.000000
1997,27,12,A,1,12540.00,12540.00,12540.00,12540.000000
1997,27,36,C,2,153144.00,107352.00,260496.00,130248.000000
1997,27,60,C,2,300600.00,239160.00,539760.00,269880.000000
1997,28,36,C,1,90180.00,90180.00,90180.00,90180.000000
1997,28,60,C,1,213300.00,213300.00,213300.00,213300.000000
1997,29,36,C,1,26208.00,26208.00,26208.00,26208.000000
1997,29,60,C,1,97980.00,97980.00,97980.00,97980.000000
1997,3,12,A,1,19248.00,19248.00,19248.00,19248.000000
1997,3,24,D,1,66696.00,66696.00,66696.00,66696.000000
1997,3,60,D,1,460980.00,460980.00,460980.00,460980.000000
1997,32,24,C,1,48096.00,48096.00,48096.00,48096.000000
1997,32,48,C,1,57120.00,57120.00,57120.00,57120.000000
1997,33,24,C,1,155760.00,155760.00,155760.00,155760.000000
1997,33,48,C,1,289920.00,289920.00,289920.00,289920.000000
1997,34,12,A,2,67464.00,67464.00,134928.00,67464.000000
1997,34,48,C,1,247920.00,247920.00,247920.00,247920.000000
1997,35,48,C,1,127200.00,127200.00,127200.00,127200.000000
1997,36,36,C,3,162576.00,106128.00,396972.00,132324.000000
1997,36,48,C,1,475680.00,475680.00,475680.00,475680.000000
1997,36,60,C,1,24180.00,24180.00,24180.00,24180.000000
1997,37,48,C,2,119136.00,83280.00,202416.00,101208.000000
1997,38,24,C,1,44304.00,44304.00,44304.00,44304.000000
1997,4,24,D,1,129312.00,129312.00,129312.00,129312.000000
1997,4,36,C,1,233424.00,233424.00,233424.00,233424.000000
1997,4,60,C,1,68340.00,68340.00,68340.00,68340.000000
1997,42,12,A,1,38520.00,38520.00,38520.00,38520.000000
1997,42,48,C,1,207264.00,207264.00,207264.00,207264.000000
1997,43,24,D,1,71976.00,71976.00,71976.00,71976.000000
1997,43,36,C,1,124344.00,124344.00,124344.00,124344.000000
1997,44,36,D,1,265320.00,265320.00,265320.00,265320.000000
1997,45,60,C,1,93960.00,93960.00,93960.00,93960.000000
1997,46,48,C,2,390096.00,219456.00,609552.00,304776.000000
1997,46,60,C,1,468060.00,468060.00,468060.00,468060.000000
1997,47,24,C,1,50112.00,50112.00,50112.00,50112.000000
1997,47,36,C,1,158184.00,158184.00,158184.00,158184.000000
1997,47,60,C,1,369000.00,369000.00,369000.00,369000.000000
1997,48,36,C,1,238716.00,238716.00,238716.00,238716.000000
1997,49,60,C,1,117420.00,117420.00,117420.00,117420.000000
1997,5,12,A,1,76080.00,76080.00,76080.00,76080.000000
1997,5,24,C,1,87360.00,87360.00,87360.00,87360.000000
1997,5,36,C,2,177804.00,67320.00,245124.00,122562.000000
1997,50,24,C,1,48312.00,48312.00,48312.00,48312.000000
1997,50,24,D,1,100800.00,100800.00,100800.00,100800.000000
1997,50,36,C,1,150912.00,150912.00,150912.00,150912.000000
1997,50,48,C,1,191088.00,191088.00,191088.00,191088.000000
1997,50,60,D,1,385560.00,385560.00,385560.00,385560.000000
1997,51,12,A,1,42900.00,42900.00,42900.00,42900.000000
1997,51,24,C,1,78600.00,78600.00,78600.00,78600.000000
1997,51,48,C,1,288720.00,288720.00,288720.00,288720.000000
1997,51,60,C,1,309660.00,309660.00,309660.00,309660.000000
1997,52,36,C,1,22932.00,22932.00,22932.00,22932.000000
1997,52,60,C,1,293160.00,293160.00,293160.00,293160.000000
1997,53,12,A,2,23520.00,14028.00,37548.00,18774.000000
1997,53,48,C,1,389136.00,389136.00,389136.00,389136.000000
1997,53,60,D,1,307200.00,307200.00,307200.00,307200.000000
1997,54,24,C,1,67608.00,67608.00,67608.00,67608.000000
1997,54,36,C,2,83628.00,83628.00,167256.00,83628.000000
1997,54,36,D,1,84600.00,84600.00,84600.00,84600.000000
1997,54,48,C,3,385104.00,41856.00,721344.00,240448.000000
1997,54,48,D,1,357840.00,357840.00,357840.00,357840.000000
1997,54,60,C,3,590820.00,116040.00,911640.00,303880.000000
1997,54,60,D,1,473280.00,473280.00,473280.00,473280.000000
1997,55,36,C,1,74772.00,74772.00,74772.00,74772.000000
1997,55,36,D,1,63972.00,63972.00,63972.00,63972.000000
1997,57,12,A,1,23184.00,23184.00,23184.00,23184.000000
1997,57,48,C,3,349392.00,84288.00,768960.00,256320.000000
1997,58,24,C,1,68664.00,68664.00,68664.00,68664.000000
1997,58,60,C,1,102240.00,102240.00,102240.00,102240.000000
1997,59,12,A,1,18324.00,18324.00,18324.00,18324.000000
1997,59,24,C,2,188616.00,8616.00,197232.00,98616.000000
1997,59,48,C,1,153504.00,153504.00,153504.00,153504.000000
1997,59,60,C,1,99300.00,99300.00,99300.00,99300.000000
1997,6,12,B,1,57360.00,57360.00,57360.00,57360.000000
1997,6,48,C,1,466608.00,466608.00,466608.00,466608.000000
1997,6,48,D,1,360864.00,360864.00,360864.00,360864.000000
1997,6,60,C,1,317520.00,317520.00,317520.00,317520.000000
1997,60,36,C,1,49320.00,49320.00,49320.00,49320.000000
1997,60,60,C,1,150180.00,150180.00,150180.00,150180.000000
1997,61,12,B,1,51360.00,51360.00,51360.00,51360.000000
1997,61,24,C,1,116496.00,116496.00,116496.00,116496.000000
1997,62,60,C,1,405780.00,405780.00,405780.00,405780.000000
1997,63,24,C,2,106944.00,24792.00,131736.00,65868.000000
1997,63,60,C,1,186300.00,186300.00,186300.00,186300.000000
1997,64,12,A,1,39024.00,39024.00,39024.00,39024.000000
1997,64,36,C,1,164196.00,164196.00,164196.00,164196.000000
1997,64,60,D,1,293880.00,293880.00,293880.00,293880.000000
1997,65,48,C,1,100080.00,100080.00,100080.00,100080.000000
1997,66,12,A,1,67980.00,67980.00,67980.00,67980.000000
1997,67,36,C,1,220428.00,220428.00,220428.00,220428.000000
1997,67,48,D,1,247920.00,247920.00,247920.00,247920.000000
1997,68,12,A,3,39576.00,30276.00,100128.00,33376.000000
1997,68,48,C,1,35904.00,35904.00,35904.00,35904.000000
1997,68,60,C,1,230400.00,230400.00,230400.00,230400.000000
1997,69,12,A,1,90156.00,90156.00,90156.00,90156.000000
1997,69,24,C,1,194256.00,194256.00,194256.00,194256.000000
1997,69,60,C,1,348120.00,348120.00,348120.00,348120.000000
1997,70,12,A,4,97392.00,33144.00,265776.00,66444.000000
1997,70,24,D,1,59448.00,59448.00,59448.00,59448.000000
1997,70,48,C,3,305424.00,162624.00,678432.00,226144.000000
1997,70,60,C,1,73260.00,73260.00,73260.00,73260.000000
1997,70,60,D,1,541200.00,541200.00,541200.00,541200.000000
1997,71,12,A,1,27456.00,27456.00,27456.00,27456.000000
1997,72,36,C,1,78696.00,78696.00,78696.00,78696.000000
1997,72,48,C,1,53232.00,53232.00,53232.00,53232.000000
1997,72,48,D,1,465504.00,465504.00,465504.00,465504.000000
1997,73,12,A,1,74040.00,74040.00,74040.00,74040.000000
1997,73,36,C,1,168264.00,168264.00,168264.00,168264.000000
1997,73,60,D,1,260400.00,260400.00,260400.00,260400.000000
1997,74,12,A,2,102876.00,68124.00,171000.00,85500.000000
1997,74,12,B,1,94512.00,94512.00,94512.00,94512.000000
1997,74,24,C,4,146064.00,76992.00,451728.00,112932.000000
1997,74,36,C,1,214596.00,214596.00,214596.00,214596.000000
1997,74,60,C,1,285240.00,285240.00,285240.00,285240.000000
1997,75,12,A,1,45768.00,45768.00,45768.00,45768.000000
1997,75,60,C,1,399120.00,399120.00,399120.00,399120.000000
1997,76,48,C,2,311232.00,202848.00,514080.00,257040.000000
1997,77,24,C,1,87528.00,87528.00,87528.00,87528.000000
1997,8,24,C,1,97176.00,97176.00,97176.00,97176.000000
1997,8,24,D,1,196800.00,196800.00,196800.00,196800.000000
1997,8,60,C,1,31620.00,31620.00,31620.00,31620.000000
1997,9,12,A,2,53472.00,33348.00,86820.00,43410.000000
1997,9,60,C,2,341280.00,221880.00,563160.00,281580.000000
1998,1,12,C,3,63576.00,5148.00,114444.00,38148.000000
1998,1,24,C,4,209040.00,66696.00,486432.00,121608.000000
1998,1,36,C,6,276084.00,37944.00,858204.00,143034.000000
1998,1,48,C,5,428784.00,218064.00,1482192.00,296438.400000
1998,1,60,C,2,566640.00,194280.00,760920.00,380460.000000
1998,10,24,C,1,160656.00,160656.00,160656.00,160656.000000
1998,11,12,C,1,49044.00,49044.00,49044.00,49044.000000
1998,12,12,C,1,40632.00,40632.00,40632.00,40632.000000
1998,12,24,C,1,133800.00,133800.00,133800.00,133800.000000
1998,13,12,C,1,45456.00,45456.00,45456.00,45456.000000
1998,13,36,C,1,230220.00,230220.00,230220.00,230220.000000
1998,14,48,C,1,91248.00,91248.00,91248.00,91248.000000
1998,14,60,C,1,321240.00,321240.00,321240.00,321240.000000
1998,15,48,C,1,170832.00,170832.00,170832.00,170832.000000
1998,15,60,C,1,140880.00,140880.00,140880.00,140880.000000
1998,16,36,C,1,269964.00,269964.00,269964.00,269964.000000
1998,16,48,C,2,140688.00,140688.00,281376.00,140688.000000
1998,17,36,C,1,86184.00,86184.00,86184.00,86184.000000
1998,17,60,C,1,152160.00,152160.00,152160.00,152160.000000
1998,18,36,C,1,163332.00,163332.00,163332.00,163332.000000
1998,19,12,C,1,41256.00,41256.00,41256.00,41256.000000
1998,19,24,C,2,140064.00,125472.00,265536.00,132768.000000
1998,19,48,C,2,110736.00,110736.00,221472.00,110736.000000
1998,19,48,D,1,407952.00,407952.00,407952.00,407952.000000
1998,2,36,C,2,208332.00,93888.00,302220.00,151110.000000
1998,2,48,C,1,314688.00,314688.00,314688.00,314688.000000
1998,20,60,D,1,318480.00,318480.00,318480.00,318480.000000
1998,21,36,C,1,156096.00,156096.00,156096.00,156096.000000
1998,21,48,C,1,352704.00,352704.00,352704.00,352704.000000
1998,22,24,C,1,136368.00,136368.00,136368.00,136368.000000
1998,24,60,C,1,321360.00,321360.00,321360.00,321360.000000
1998,25,60,C,1,152460.00,152460.00,152460.00,152460.000000
1998,27,12,C,1,37812.00,37812.00,37812.00,37812.000000
1998,27,48,C,1,78720.00,78720.00,78720.00,78720.000000
1998,28,48,C,1,385584.00,385584.00,385584.00,385584.000000
1998,28,60,C,1,215040.00,215040.00,215040.00,215040.000000
1998,29,24,C,1,82128.00,82128.00,82128.00,82128.000000
1998,29,48,C,1,84288.00,84288.00,84288.00,84288.000000
1998,3,24,C,1,139488.00,139488.00,139488.00,139488.000000
1998,3,60,C,1,504000.00,504000.00,504000.00,504000.000000
1998,32,48,C,1,16032.00,16032.00,16032.00,16032.000000
1998,33,12,C,1,17952.00,17952.00,17952.00,17952.000000
1998,34,12,C,1,22104.00,22104.00,22104.00,22104.000000
1998,34,24,C,1,125472.00,125472.00,125472.00,125472.000000
1998,34,36,C,1,10944.00,10944.00,10944.00,10944.000000
1998,36,12,C,1,31260.00,31260.00,31260.00,31260.000000
1998,36,24,C,1,43200.00,43200.00,43200.00,43200.000000
1998,37,24,C,1,133848.00,133848.00,133848.00,133848.000000
1998,37,60,C,1,271260.00,271260.00,271260.00,271260.000000
1998,38,24,C,1,130896.00,130896.00,130896.00,130896.000000
1998,38,36,C,1,160920.00,160920.00,160920.00,160920.000000
1998,38,60,C,2,327660.00,64860.00,392520.00,196260.000000
1998,39,60,C,1,253560.00,253560.00,253560.00,253560.000000
1998,40,12,C,1,42384.00,42384.00,42384.00,42384.000000
1998,41,36,C,1,123300.00,123300.00,123300.00,123300.000000
1998,42,12,C,1,23328.00,23328.00,23328.00,23328.000000
1998,42,48,C,2,390000.00,331584.00,721584.00,360792.000000
1998,44,24,C,1,153936.00,153936.00,153936.00,153936.000000
1998,44,36,C,1,113436.00,113436.00,113436.00,113436.000000
1998,45,36,C,1,50976.00,50976.00,50976.00,50976.000000
1998,45,60,C,1,184620.00,184620.00,184620.00,184620.000000
1998,46,48,C,1,339168.00,339168.00,339168.00,339168.000000
1998,46,60,C,1,185640.00,185640.00,185640.00,185640.000000
1998,47,24,C,1,35856.00,35856.00,35856.00,35856.000000
1998,47,48,C,2,240528.00,189792.00,430320.00,215160.000000
1998,48,12,C,1,30012.00,30012.00,30012.00,30012.000000
1998,5,36,C,1,22356.00,22356.00,22356.00,22356.000000
1998,5,60,C,1,290820.00,290820.00,290820.00,290820.000000
1998,50,12,D,1,36204.00,36204.00,36204.00,36204.000000
1998,50,24,C,1,174960.00,174960.00,174960.00,174960.000000
1998,50,60,C,2,317460.00,220440.00,537900.00,268950.000000
1998,51,60,C,1,191580.00,191580.00,191580.00,191580.000000
1998,52,36,C,1,69624.00,69624.00,69624.00,69624.000000
1998,52,60,C,3,334620.00,156420.00,744240.00,248080.000000
1998,53,36,C,1,176328.00,176328.00,176328.00,176328.000000
1998,53,60,C,1,170700.00,170700.00,170700.00,170700.000000
1998,54,12,C,2,93036.00,58764.00,151800.00,75900.000000
1998,54,60,C,1,280440.00,280440.00,280440.00,280440.000000
1998,55,12,C,1,52512.00,52512.00,52512.00,52512.000000
1998,55,36,C,1,143676.00,143676.00,143676.00,143676.000000
1998,55,48,C,1,249792.00,249792.00,249792.00,249792.000000
1998,56,12,C,1,12792.00,12792.00,12792.00,12792.000000
1998,56,36,C,1,185544.00,185544.00,185544.00,185544.000000
1998,56,60,C,2,272220.00,61320.00,333540.00,166770.000000
1998,57,48,C,1,194160.00,194160.00,194160.00,194160.000000
1998,58,60,C,1,174840.00,174840.00,174840.00,174840.000000
1998,59,24,C,2,44640.00,44640.00,89280.00,44640.000000
1998,6,12,C,1,104964.00,104964.00,104964.00,104964.000000
1998,6,24,C,1,64224.00,64224.00,64224.00,64224.000000
1998,6,36,C,1,151200.00,151200.00,151200.00,151200.000000
1998,6,60,C,1,108720.00,108720.00,108720.00,108720.000000
1998,60,60,C,1,240900.00,240900.00,240900.00,240900.000000
1998,62,24,C,1,76104.00,76104.00,76104.00,76104.000000
1998,62,60,C,1,165780.00,165780.00,165780.00,165780.000000
1998,63,36,C,1,71820.00,71820.00,71820.00,71820.000000
1998,64,36,C,1,210744.00,210744.00,210744.00,210744.000000
1998,64,48,C,1,69600.00,69600.00,69600.00,69600.000000
1998,66,12,C,1,88608.00,88608.00,88608.00,88608.000000
1998,67,48,D,1,335184.00,335184.00,335184.00,335184.000000
1998,68,12,C,1,57060.00,57060.00,57060.00,57060.000000
1998,68,36,C,1,81144.00,81144.00,81144.00,81144.000000
1998,68,48,C,1,170448.00,170448.00,170448.00,170448.000000
1998,68,60,C,1,437460.00,437460.00,437460.00,437460.000000
1998,69,24,C,1,122472.00,122472.00,122472.00,122472.000000
1998,69,60,C,1,495180.00,495180.00,495180.00,495180.000000
1998,7,12,C,1,38496.00,38496.00,38496.00,38496.000000
1998,7,24,C,2,99744.00,39168.00,138912.00,69456.000000
1998,7,48,C,1,225504.00,225504.00,225504.00,225504.000000
1998,70,12,C,1,109344.00,109344.00,109344.00,109344.000000
1998,70,24,C,1,55632.00,55632.00,55632.00,55632.000000
1998,70,36,C,1,188532.00,188532.00,188532.00,188532.000000
1998,70,48,C,1,267600.00,267600.00,267600.00,267600.000000
1998,70,60,C,1,22260.00,22260.00,22260.00,22260.000000
1998,71,24,C,2,172272.00,49488.00,221760.00,110880.000000
1998,71,36,C,1,112752.00,112752.00,112752.00,112752.000000
1998,72,12,C,2,42816.00,23412.00,66228.00,33114.000000
1998,73,48,C,1,231168.00,231168.00,231168.00,231168.000000
1998,73,60,C,2,374760.00,178500.00,553260.00,276630.000000
1998,76,36,C,1,88200.00,88200.00,88200.00,88200.000000
1998,76,48,C,1,196224.00,196224.00,196224.00,196224.000000
1998,76,60,C,1,31140.00,31140.00,31140.00,31140.000000
1998,77,12,C,2,49872.00,41988.00,91860.00,45930.000000
1998,8,36,C,1,96984.00,96984.00,96984.00,96984.000000
1998,9,36,C,1,52236.00,52236.00,52236.00,52236.000000
1998,9,48,C,1,144960.00,144960.00,144960.00,144960.000000
